Workbook

Sheet Read Me
B2: Chainlink Labs | LTI transition model | Option 1 and Option 2
B3: Confidential, internal compensation strategy. Index: annual LTI target = 100.
B5: The two designs
B6: Option 1 grant and refreshes 100/15/5/5. Steady state 125.
B7: Option 2 new hire 100/50 at 1.15x. Refresh half = 0.5 x the person's target.
B8: New hires settle at 115, existing employees keep 125, promoted people 230.
B10: RULES - normal year
B11: Option 1 one grant a year, full size. Y1 delivers 100, then 15 / 5 / 5.
B12: Option 2 one grant a year, full size. Half this year and half next year, where the
B13: half is 0.5 x target: 57.5 for a new hire, 62.5 for an existing employee,
B14: 115 once promoted.
B15: Nothing is netted against what is already vesting. The grant is the same for everyone
... B77: LTI_Vesting_Model_PRD_v11.md s6.1 to s6.4, s7.3, s12.1 registry. session_handoff.md s11.

Sheet Summary
B2: Summary
B3: Index: annual LTI target = 100. Face = total grant value issued 2027 to 2035.
B5: Cost comparison total grant face issued | D5: Option 1 | E5: Option 2 | F5: O2 - O1 | G5: O2 vs O1
B6: Base
B7: Persona A | D7: =Base!M18 -> 1125 | E7: =Base!Z18 -> 1092.5 | F7: =E7-D7 -> -32.5 | G7: =IF(D7=0,"",E7/D7-1) -> -0.028888889
B8: Persona B | D8: =Base!M38 -> 883.75 | E8: =Base!Z37 -> 887.5 | F8: =E8-D8 -> 3.75 | G8: =IF(D8=0,"",E8/D8-1) -> 0.0042432815
B9: Persona C | D9: =Base!M58 -> 858.75 | E9: =Base!Z58 -> 862.5 | F9: =E9-D9 -> 3.75 | G9: =IF(D9=0,"",E9/D9-1) -> 0.0043668122
B10: Persona D | D10: =Base!M78 -> 833.75 | E10: =Base!Z77 -> 837.5 | F10: =E10-D10 -> 3.75 | G10: =IF(D10=0,"",E10/D10-1) -> 0.0044977511
B11: Persona E | D11: =Base!M98 -> 808.75 | E11: =Base!Z97 -> 812.5 | F11: =E11-D11 -> 3.75 | G11: =IF(D11=0,"",E11/D11-1) -> 0.0046367852
B12: Persona F | D12: =Base!M118 -> 1115 | E12: =Base!Z117 -> 1137.5 | F12: =E12-D12 -> 22.5 | G12: =IF(D12=0,"",E12/D12-1) -> 0.020179372
B13: Persona G | D13: =Base!M138 -> 1090 | E13: =Base!Z137 -> 1112.5 | F13: =E13-D13 -> 22.5 | G13: =IF(D13=0,"",E13/D13-1) -> 0.020642202
B14: Persona H | D14: =Base!M158 -> 971.25 | E14: =Base!Z157 -> 987.5 | F14: =E14-D14 -> 16.25 | G14: =IF(D14=0,"",E14/D14-1) -> 0.016731017
B15: Total, all personas | D15: =SUM(D7:D14) -> 7686.25 | E15: =SUM(E7:E14) -> 7730 | F15: =SUM(F7:F14) -> 43.75 | G15: =IF(D15=0,"",E15/D15-1) -> 0.0056919824
B17: Promo in T
B18: Persona A | D18: ='Promo in T'!M18 -> 2000 | E18: ='Promo in T'!Z18 -> 1955 | F18: =E18-D18 -> -45 | G18: =IF(D18=0,"",E18/D18-1) -> -0.0225
B19: Persona B | D19: ='Promo in T'!M37 -> 1593.75 | E19: ='Promo in T'!Z37 -> 1570 | F19: =E19-D19 -> -23.75 | G19: =IF(D19=0,"",E19/D19-1) -> -0.014901961
B20: Persona C | D20: ='Promo in T'!M56 -> 1562.5 | E20: ='Promo in T'!Z57 -> 1545 | F20: =E20-D20 -> -17.5 | G20: =IF(D20=0,"",E20/D20-1) -> -0.0112
B21: Persona D | D21: ='Promo in T'!M76 -> 1531.25 | E21: ='Promo in T'!Z77 -> 1520 | F21: =E21-D21 -> -11.25 | G21: =IF(D21=0,"",E21/D21-1) -> -0.0073469388
B22: Persona E | D22: ='Promo in T'!M96 -> 1500 | E22: ='Promo in T'!Z97 -> 1495 | F22: =E22-D22 -> -5 | G22: =IF(D22=0,"",E22/D22-1) -> -0.0033333333
B23: Persona F | D23: ='Promo in T'!M116 -> 2187.5 | E23: ='Promo in T'!Z117 -> 2135 | F23: =E23-D23 -> -52.5 | G23: =IF(D23=0,"",E23/D23-1) -> -0.024
B24: Persona G | D24: ='Promo in T'!M136 -> 2156.25 | E24: ='Promo in T'!Z137 -> 2110 | F24: =E24-D24 -> -46.25 | G24: =IF(D24=0,"",E24/D24-1) -> -0.021449275
B25: Persona H | D25: ='Promo in T'!M156 -> 1875 | E25: ='Promo in T'!Z156 -> 1855 | F25: =E25-D25 -> -20 | G25: =IF(D25=0,"",E25/D25-1) -> -0.010666667
B26: Total, all personas | D26: =SUM(D18:D25) -> 14406.25 | E26: =SUM(E18:E25) -> 14185 | F26: =SUM(F18:F25) -> -221.25 | G26: =IF(D26=0,"",E26/D26-1) -> -0.015357918
B28: Promo before T
B29: Persona B | D29: ='Promo before T'!M22 -> 1687.5 | E29: ='Promo before T'!Z22 -> 1675 | F29: =E29-D29 -> -12.5 | G29: =IF(D29=0,"",E29/D29-1) -> -0.0074074074
B30: Persona C | D30: ='Promo before T'!M41 -> 1656.25 | E30: ='Promo before T'!Z42 -> 1650 | F30: =E30-D30 -> -6.25 | G30: =IF(D30=0,"",E30/D30-1) -> -0.0037735849
B31: Persona D | D31: ='Promo before T'!M61 -> 1625 | E31: ='Promo before T'!Z62 -> 1625 | F31: =E31-D31 -> 0 | G31: =IF(D31=0,"",E31/D31-1) -> 0
B32: Persona E | D32: ='Promo before T'!M81 -> 1593.75 | E32: ='Promo before T'!Z82 -> 1600 | F32: =E32-D32 -> 6.25 | G32: =IF(D32=0,"",E32/D32-1) -> 0.0039215686
B33: Persona H | D33: ='Promo before T'!M109 -> 1906.25 | E33: ='Promo before T'!Z109 -> 1910 | F33: =E33-D33 -> 3.75 | G33: =IF(D33=0,"",E33/D33-1) -> 0.0019672131
B34: Total, all personas | D34: =SUM(D29:D33) -> 8468.75 | E34: =SUM(E29:E33) -> 8460 | F34: =SUM(F29:F33) -> -8.75 | G34: =IF(D34=0,"",E34/D34-1) -> -0.0010332103
B36: Outsized 1.5x in 2030
B37: Persona A | D37: ='Outsized 1.5x in 2030'!M18 -> 1187.5 | E37: ='Outsized 1.5x in 2030'!Z18 -> 1162.5 | F37: =E37-D37 -> -25 | G37: =IF(D37=0,"",E37/D37-1) -> -0.021052632
B38: Persona B | D38: ='Outsized 1.5x in 2030'!M38 -> 908.75 | E38: ='Outsized 1.5x in 2030'!Z37 -> 925 | F38: =E38-D38 -> 16.25 | G38: =IF(D38=0,"",E38/D38-1) -> 0.017881706
B39: Persona C | D39: ='Outsized 1.5x in 2030'!M58 -> 883.75 | E39: ='Outsized 1.5x in 2030'!Z58 -> 887.5 | F39: =E39-D39 -> 3.75 | G39: =IF(D39=0,"",E39/D39-1) -> 0.0042432815
B40: Persona D | D40: ='Outsized 1.5x in 2030'!M78 -> 858.75 | E40: ='Outsized 1.5x in 2030'!Z78 -> 862.5 | F40: =E40-D40 -> 3.75 | G40: =IF(D40=0,"",E40/D40-1) -> 0.0043668122
B41: Persona E | D41: ='Outsized 1.5x in 2030'!M98 -> 833.75 | E41: ='Outsized 1.5x in 2030'!Z97 -> 875 | F41: =E41-D41 -> 41.25 | G41: =IF(D41=0,"",E41/D41-1) -> 0.049475262
B42: Persona F | D42: ='Outsized 1.5x in 2030'!M118 -> 1177.5 | E42: ='Outsized 1.5x in 2030'!Z117 -> 1187.5 | F42: =E42-D42 -> 10 | G42: =IF(D42=0,"",E42/D42-1) -> 0.008492569
B43: Persona G | D43: ='Outsized 1.5x in 2030'!M138 -> 1152.5 | E43: ='Outsized 1.5x in 2030'!Z137 -> 1162.5 | F43: =E43-D43 -> 10 | G43: =IF(D43=0,"",E43/D43-1) -> 0.0086767896
B44: Persona H | D44: ='Outsized 1.5x in 2030'!M158 -> 1033.75 | E44: ='Outsized 1.5x in 2030'!Z157 -> 1037.5 | F44: =E44-D44 -> 3.75 | G44: =IF(D44=0,"",E44/D44-1) -> 0.0036275695
B45: Total, all personas | D45: =SUM(D37:D44) -> 8036.25 | E45: =SUM(E37:E44) -> 8100 | F45: =SUM(F37:F44) -> 63.75 | G45: =IF(D45=0,"",E45/D45-1) -> 0.0079328045
B47: Positive means Option 2 issues more grant value than Option 1.
B48: Built with the pre-transition tail toggle ON. Flip it on Assumptions to see Option 1 pre-transition grants revert to one-year.
B49: Each persona block carries a % of steady-state ceiling row so the overshoot years are visible, not buried in the totals.
B51: Total annual vest by year
B53: Base | D53: 2027 | E53: 2028 | F53: 2029 | G53: 2030 | H53: 2031 | I53: 2032 | J53: 2033 | K53: 2034 | L53: 2035 | M53: Face
B54: Persona A Option 1 | D54: =Base!D18 -> 100 | E54: =Base!E18 -> 115 | F54: =Base!F18 -> 120 | G54: =Base!G18 -> 125 | H54: =Base!H18 -> 125 | I54: =Base!I18 -> 125 | J54: =Base!J18 -> 125 | K54: =Base!K18 -> 125 | ... M54: =Base!M18 -> 1125
B55: Persona A Option 2 | D55: =Base!Q18 -> 115 | E55: =Base!R18 -> 115 | F55: =Base!S18 -> 115 | G55: =Base!T18 -> 115 | H55: =Base!U18 -> 115 | I55: =Base!V18 -> 115 | J55: =Base!W18 -> 115 | K55: =Base!X18 -> 115 | ... M55: =Base!Z18 -> 1092.5
B56: Persona B Option 1 | D56: =Base!D38 -> 125 | E56: =Base!E38 -> 128.75 | F56: =Base!F38 -> 130 | G56: =Base!G38 -> 131.25 | H56: =Base!H38 -> 127.5 | I56: =Base!I38 -> 126.25 | J56: =Base!J38 -> 125 | K56: =Base!K38 -> 125 | ... M56: =Base!M38 -> 883.75
B57: Persona B Option 2 | D57: =Base!Q37 -> 125 | E57: =Base!R37 -> 125 | F57: =Base!S37 -> 125 | G57: =Base!T37 -> 125 | H57: =Base!U37 -> 125 | I57: =Base!V37 -> 125 | J57: =Base!W37 -> 125 | K57: =Base!X37 -> 125 | ... M57: =Base!Z37 -> 887.5
B58: Persona C Option 1 | D58: =Base!D58 -> 125 | E58: =Base!E58 -> 128.75 | F58: =Base!F58 -> 130 | G58: =Base!G58 -> 131.25 | H58: =Base!H58 -> 127.5 | I58: =Base!I58 -> 126.25 | J58: =Base!J58 -> 125 | K58: =Base!K58 -> 125 | ... M58: =Base!M58 -> 858.75
B59: Persona C Option 2 | D59: =Base!Q58 -> 125 | E59: =Base!R58 -> 125 | F59: =Base!S58 -> 125 | G59: =Base!T58 -> 125 | H59: =Base!U58 -> 125 | I59: =Base!V58 -> 125 | J59: =Base!W58 -> 125 | K59: =Base!X58 -> 125 | ... M59: =Base!Z58 -> 862.5
B60: Persona D Option 1 | D60: =Base!D78 -> 125 | E60: =Base!E78 -> 128.75 | F60: =Base!F78 -> 130 | G60: =Base!G78 -> 131.25 | H60: =Base!H78 -> 127.5 | I60: =Base!I78 -> 126.25 | J60: =Base!J78 -> 125 | K60: =Base!K78 -> 125 | ... M60: =Base!M78 -> 833.75
B61: Persona D Option 2 | D61: =Base!Q77 -> 125 | E61: =Base!R77 -> 125 | F61: =Base!S77 -> 125 | G61: =Base!T77 -> 125 | H61: =Base!U77 -> 125 | I61: =Base!V77 -> 125 | J61: =Base!W77 -> 125 | K61: =Base!X77 -> 125 | ... M61: =Base!Z77 -> 837.5
B62: Persona E Option 1 | D62: =Base!D98 -> 125 | E62: =Base!E98 -> 128.75 | F62: =Base!F98 -> 130 | G62: =Base!G98 -> 131.25 | H62: =Base!H98 -> 127.5 | I62: =Base!I98 -> 126.25 | J62: =Base!J98 -> 125 | K62: =Base!K98 -> 125 | ... M62: =Base!M98 -> 808.75
B63: Persona E Option 2 | D63: =Base!Q97 -> 125 | E63: =Base!R97 -> 125 | F63: =Base!S97 -> 125 | G63: =Base!T97 -> 125 | H63: =Base!U97 -> 125 | I63: =Base!V97 -> 125 | J63: =Base!W97 -> 125 | K63: =Base!X97 -> 125 | ... M63: =Base!Z97 -> 812.5
B64: Persona F Option 1 | D64: =Base!D118 -> 125 | E64: =Base!E118 -> 125 | F64: =Base!F118 -> 125 | G64: =Base!G118 -> 125 | H64: =Base!H118 -> 125 | I64: =Base!I118 -> 125 | J64: =Base!J118 -> 125 | K64: =Base!K118 -> 125 | ... M64: =Base!M118 -> 1115
B65: Persona F Option 2 | D65: =Base!Q117 -> 125 | E65: =Base!R117 -> 125 | F65: =Base!S117 -> 125 | G65: =Base!T117 -> 125 | H65: =Base!U117 -> 125 | I65: =Base!V117 -> 125 | J65: =Base!W117 -> 125 | K65: =Base!X117 -> 125 | ... M65: =Base!Z117 -> 1137.5
B66: Persona G Option 1 | D66: =Base!D138 -> 125 | E66: =Base!E138 -> 125 | F66: =Base!F138 -> 125 | G66: =Base!G138 -> 125 | H66: =Base!H138 -> 125 | I66: =Base!I138 -> 125 | J66: =Base!J138 -> 125 | K66: =Base!K138 -> 125 | ... M66: =Base!M138 -> 1090
B67: Persona G Option 2 | D67: =Base!Q137 -> 125 | E67: =Base!R137 -> 125 | F67: =Base!S137 -> 125 | G67: =Base!T137 -> 125 | H67: =Base!U137 -> 125 | I67: =Base!V137 -> 125 | J67: =Base!W137 -> 125 | K67: =Base!X137 -> 125 | ... M67: =Base!Z137 -> 1112.5
B68: Persona H Option 1 | D68: =Base!D158 -> 175 | E68: =Base!E158 -> 153.75 | F68: =Base!F158 -> 126.25 | G68: =Base!G158 -> 126.25 | H68: =Base!H158 -> 125 | I68: =Base!I158 -> 125 | J68: =Base!J158 -> 125 | K68: =Base!K158 -> 125 | ... M68: =Base!M158 -> 971.25
B69: Persona H Option 2 | D69: =Base!Q157 -> 175 | E69: =Base!R157 -> 150 | F69: =Base!S157 -> 125 | G69: =Base!T157 -> 125 | H69: =Base!U157 -> 125 | I69: =Base!V157 -> 125 | J69: =Base!W157 -> 125 | K69: =Base!X157 -> 125 | ... M69: =Base!Z157 -> 987.5
B71: Promo in T | D71: 2027 | E71: 2028 | F71: 2029 | G71: 2030 | H71: 2031 | I71: 2032 | J71: 2033 | K71: 2034 | L71: 2035 | M71: Face
B72: Persona A Option 1 | D72: ='Promo in T'!D18 -> 100 | E72: ='Promo in T'!E18 -> 115 | F72: ='Promo in T'!F18 -> 220 | G72: ='Promo in T'!G18 -> 240 | H72: ='Promo in T'!H18 -> 245 | I72: ='Promo in T'!I18 -> 250 | J72: ='Promo in T'!J18 -> 250 | K72: ='Promo in T'!K18 -> 250 | ... M72: ='Promo in T'!M18 -> 2000
B73: Persona A Option 2 | D73: ='Promo in T'!Q18 -> 115 | E73: ='Promo in T'!R18 -> 115 | F73: ='Promo in T'!S18 -> 230 | G73: ='Promo in T'!T18 -> 230 | H73: ='Promo in T'!U18 -> 230 | I73: ='Promo in T'!V18 -> 230 | J73: ='Promo in T'!W18 -> 230 | K73: ='Promo in T'!X18 -> 230 | ... M73: ='Promo in T'!Z18 -> 1955
B74: Persona B Option 1 | D74: ='Promo in T'!D37 -> 125 | E74: ='Promo in T'!E37 -> 128.75 | F74: ='Promo in T'!F37 -> 130 | G74: ='Promo in T'!G37 -> 206.25 | H74: ='Promo in T'!H37 -> 232.5 | I74: ='Promo in T'!I37 -> 241.25 | J74: ='Promo in T'!J37 -> 250 | K74: ='Promo in T'!K37 -> 250 | ... M74: ='Promo in T'!M37 -> 1593.75
B75: Persona B Option 2 | D75: ='Promo in T'!Q37 -> 125 | E75: ='Promo in T'!R37 -> 125 | F75: ='Promo in T'!S37 -> 125 | G75: ='Promo in T'!T37 -> 230 | H75: ='Promo in T'!U37 -> 230 | I75: ='Promo in T'!V37 -> 230 | J75: ='Promo in T'!W37 -> 230 | K75: ='Promo in T'!X37 -> 230 | ... M75: ='Promo in T'!Z37 -> 1570
B76: Persona C Option 1 | D76: ='Promo in T'!D56 -> 125 | E76: ='Promo in T'!E56 -> 128.75 | F76: ='Promo in T'!F56 -> 130 | G76: ='Promo in T'!G56 -> 206.25 | H76: ='Promo in T'!H56 -> 228.75 | I76: ='Promo in T'!I56 -> 240 | J76: ='Promo in T'!J56 -> 248.75 | K76: ='Promo in T'!K56 -> 250 | ... M76: ='Promo in T'!M56 -> 1562.5
B77: Persona C Option 2 | D77: ='Promo in T'!Q57 -> 125 | E77: ='Promo in T'!R57 -> 125 | F77: ='Promo in T'!S57 -> 125 | G77: ='Promo in T'!T57 -> 230 | H77: ='Promo in T'!U57 -> 230 | I77: ='Promo in T'!V57 -> 230 | J77: ='Promo in T'!W57 -> 230 | K77: ='Promo in T'!X57 -> 230 | ... M77: ='Promo in T'!Z57 -> 1545
B78: Persona D Option 1 | D78: ='Promo in T'!D76 -> 125 | E78: ='Promo in T'!E76 -> 128.75 | F78: ='Promo in T'!F76 -> 130 | G78: ='Promo in T'!G76 -> 206.25 | H78: ='Promo in T'!H76 -> 225 | I78: ='Promo in T'!I76 -> 238.75 | J78: ='Promo in T'!J76 -> 247.5 | K78: ='Promo in T'!K76 -> 250 | ... M78: ='Promo in T'!M76 -> 1531.25
B79: Persona D Option 2 | D79: ='Promo in T'!Q77 -> 125 | E79: ='Promo in T'!R77 -> 125 | F79: ='Promo in T'!S77 -> 125 | G79: ='Promo in T'!T77 -> 230 | H79: ='Promo in T'!U77 -> 230 | I79: ='Promo in T'!V77 -> 230 | J79: ='Promo in T'!W77 -> 230 | K79: ='Promo in T'!X77 -> 230 | ... M79: ='Promo in T'!Z77 -> 1520
B80: Persona E Option 1 | D80: ='Promo in T'!D96 -> 125 | E80: ='Promo in T'!E96 -> 128.75 | F80: ='Promo in T'!F96 -> 130 | G80: ='Promo in T'!G96 -> 206.25 | H80: ='Promo in T'!H96 -> 221.25 | I80: ='Promo in T'!I96 -> 237.5 | J80: ='Promo in T'!J96 -> 246.25 | K80: ='Promo in T'!K96 -> 250 | ... M80: ='Promo in T'!M96 -> 1500
B81: Persona E Option 2 | D81: ='Promo in T'!Q97 -> 125 | E81: ='Promo in T'!R97 -> 125 | F81: ='Promo in T'!S97 -> 125 | G81: ='Promo in T'!T97 -> 230 | H81: ='Promo in T'!U97 -> 230 | I81: ='Promo in T'!V97 -> 230 | J81: ='Promo in T'!W97 -> 230 | K81: ='Promo in T'!X97 -> 230 | ... M81: ='Promo in T'!Z97 -> 1495
B82: Persona F Option 1 | D82: ='Promo in T'!D116 -> 200 | E82: ='Promo in T'!E116 -> 222.5 | F82: ='Promo in T'!F116 -> 237.5 | G82: ='Promo in T'!G116 -> 247.5 | H82: ='Promo in T'!H116 -> 250 | I82: ='Promo in T'!I116 -> 250 | J82: ='Promo in T'!J116 -> 250 | K82: ='Promo in T'!K116 -> 250 | ... M82: ='Promo in T'!M116 -> 2187.5
B83: Persona F Option 2 | D83: ='Promo in T'!Q117 -> 230 | E83: ='Promo in T'!R117 -> 230 | F83: ='Promo in T'!S117 -> 230 | G83: ='Promo in T'!T117 -> 230 | H83: ='Promo in T'!U117 -> 230 | I83: ='Promo in T'!V117 -> 230 | J83: ='Promo in T'!W117 -> 230 | K83: ='Promo in T'!X117 -> 230 | ... M83: ='Promo in T'!Z117 -> 2135
B84: Persona G Option 1 | D84: ='Promo in T'!D136 -> 200 | E84: ='Promo in T'!E136 -> 218.75 | F84: ='Promo in T'!F136 -> 236.25 | G84: ='Promo in T'!G136 -> 246.25 | H84: ='Promo in T'!H136 -> 250 | I84: ='Promo in T'!I136 -> 250 | J84: ='Promo in T'!J136 -> 250 | K84: ='Promo in T'!K136 -> 250 | ... M84: ='Promo in T'!M136 -> 2156.25
B85: Persona G Option 2 | D85: ='Promo in T'!Q137 -> 230 | E85: ='Promo in T'!R137 -> 230 | F85: ='Promo in T'!S137 -> 230 | G85: ='Promo in T'!T137 -> 230 | H85: ='Promo in T'!U137 -> 230 | I85: ='Promo in T'!V137 -> 230 | J85: ='Promo in T'!W137 -> 230 | K85: ='Promo in T'!X137 -> 230 | ... M85: ='Promo in T'!Z137 -> 2110
B86: Persona H Option 1 | D86: ='Promo in T'!D156 -> 175 | E86: ='Promo in T'!E156 -> 203.75 | F86: ='Promo in T'!F156 -> 212.5 | G86: ='Promo in T'!G156 -> 235 | H86: ='Promo in T'!H156 -> 243.75 | I86: ='Promo in T'!I156 -> 250 | J86: ='Promo in T'!J156 -> 250 | K86: ='Promo in T'!K156 -> 250 | ... M86: ='Promo in T'!M156 -> 1875
B87: Persona H Option 2 | D87: ='Promo in T'!Q156 -> 175 | E87: ='Promo in T'!R156 -> 230 | F87: ='Promo in T'!S156 -> 230 | G87: ='Promo in T'!T156 -> 230 | H87: ='Promo in T'!U156 -> 230 | I87: ='Promo in T'!V156 -> 230 | J87: ='Promo in T'!W156 -> 230 | K87: ='Promo in T'!X156 -> 230 | ... M87: ='Promo in T'!Z156 -> 1855
B89: Promo before T | D89: 2027 | E89: 2028 | F89: 2029 | G89: 2030 | H89: 2031 | I89: 2032 | J89: 2033 | K89: 2034 | L89: 2035 | M89: Face
B90: Persona A not applicable
B91: Persona B Option 1 | D91: ='Promo before T'!D22 -> 125 | E91: ='Promo before T'!E22 -> 128.75 | F91: ='Promo before T'!F22 -> 205 | G91: ='Promo before T'!G22 -> 217.5 | H91: ='Promo before T'!H22 -> 236.25 | I91: ='Promo before T'!I22 -> 245 | J91: ='Promo before T'!J22 -> 250 | K91: ='Promo before T'!K22 -> 250 | ... M91: ='Promo before T'!M22 -> 1687.5
B92: Persona B Option 2 | D92: ='Promo before T'!Q22 -> 125 | E92: ='Promo before T'!R22 -> 125 | F92: ='Promo before T'!S22 -> 230 | G92: ='Promo before T'!T22 -> 230 | H92: ='Promo before T'!U22 -> 230 | I92: ='Promo before T'!V22 -> 230 | J92: ='Promo before T'!W22 -> 230 | K92: ='Promo before T'!X22 -> 230 | ... M92: ='Promo before T'!Z22 -> 1675
B93: Persona C Option 1 | D93: ='Promo before T'!D41 -> 125 | E93: ='Promo before T'!E41 -> 128.75 | F93: ='Promo before T'!F41 -> 205 | G93: ='Promo before T'!G41 -> 217.5 | H93: ='Promo before T'!H41 -> 232.5 | I93: ='Promo before T'!I41 -> 243.75 | J93: ='Promo before T'!J41 -> 248.75 | K93: ='Promo before T'!K41 -> 250 | ... M93: ='Promo before T'!M41 -> 1656.25
B94: Persona C Option 2 | D94: ='Promo before T'!Q42 -> 125 | E94: ='Promo before T'!R42 -> 125 | F94: ='Promo before T'!S42 -> 230 | G94: ='Promo before T'!T42 -> 230 | H94: ='Promo before T'!U42 -> 230 | I94: ='Promo before T'!V42 -> 230 | J94: ='Promo before T'!W42 -> 230 | K94: ='Promo before T'!X42 -> 230 | ... M94: ='Promo before T'!Z42 -> 1650
B95: Persona D Option 1 | D95: ='Promo before T'!D61 -> 125 | E95: ='Promo before T'!E61 -> 128.75 | F95: ='Promo before T'!F61 -> 205 | G95: ='Promo before T'!G61 -> 217.5 | H95: ='Promo before T'!H61 -> 228.75 | I95: ='Promo before T'!I61 -> 242.5 | J95: ='Promo before T'!J61 -> 247.5 | K95: ='Promo before T'!K61 -> 250 | ... M95: ='Promo before T'!M61 -> 1625
B96: Persona D Option 2 | D96: ='Promo before T'!Q62 -> 125 | E96: ='Promo before T'!R62 -> 125 | F96: ='Promo before T'!S62 -> 230 | G96: ='Promo before T'!T62 -> 230 | H96: ='Promo before T'!U62 -> 230 | I96: ='Promo before T'!V62 -> 230 | J96: ='Promo before T'!W62 -> 230 | K96: ='Promo before T'!X62 -> 230 | ... M96: ='Promo before T'!Z62 -> 1625
B97: Persona E Option 1 | D97: ='Promo before T'!D81 -> 125 | E97: ='Promo before T'!E81 -> 128.75 | F97: ='Promo before T'!F81 -> 205 | G97: ='Promo before T'!G81 -> 217.5 | H97: ='Promo before T'!H81 -> 225 | I97: ='Promo before T'!I81 -> 241.25 | J97: ='Promo before T'!J81 -> 246.25 | K97: ='Promo before T'!K81 -> 250 | ... M97: ='Promo before T'!M81 -> 1593.75
B98: Persona E Option 2 | D98: ='Promo before T'!Q82 -> 125 | E98: ='Promo before T'!R82 -> 125 | F98: ='Promo before T'!S82 -> 230 | G98: ='Promo before T'!T82 -> 230 | H98: ='Promo before T'!U82 -> 230 | I98: ='Promo before T'!V82 -> 230 | J98: ='Promo before T'!W82 -> 230 | K98: ='Promo before T'!X82 -> 230 | ... M98: ='Promo before T'!Z82 -> 1600
B99: Persona F not applicable
B100: Persona G not applicable
B101: Persona H Option 1 | D101: ='Promo before T'!D109 -> 200 | E101: ='Promo before T'!E109 -> 207.5 | F101: ='Promo before T'!F109 -> 213.75 | G101: ='Promo before T'!G109 -> 236.25 | H101: ='Promo before T'!H109 -> 243.75 | I101: ='Promo before T'!I109 -> 250 | J101: ='Promo before T'!J109 -> 250 | K101: ='Promo before T'!K109 -> 250 | ... M101: ='Promo before T'!M109 -> 1906.25
B102: Persona H Option 2 | D102: ='Promo before T'!Q109 -> 230 | E102: ='Promo before T'!R109 -> 230 | F102: ='Promo before T'!S109 -> 230 | G102: ='Promo before T'!T109 -> 230 | H102: ='Promo before T'!U109 -> 230 | I102: ='Promo before T'!V109 -> 230 | J102: ='Promo before T'!W109 -> 230 | K102: ='Promo before T'!X109 -> 230 | ... M102: ='Promo before T'!Z109 -> 1910
B104: Outsized 1.5x in 2030 | D104: 2027 | E104: 2028 | F104: 2029 | G104: 2030 | H104: 2031 | I104: 2032 | J104: 2033 | K104: 2034 | L104: 2035 | M104: Face
B105: Persona A Option 1 | D105: ='Outsized 1.5x in 2030'!D18 -> 100 | E105: ='Outsized 1.5x in 2030'!E18 -> 115 | F105: ='Outsized 1.5x in 2030'!F18 -> 120 | G105: ='Outsized 1.5x in 2030'!G18 -> 175 | H105: ='Outsized 1.5x in 2030'!H18 -> 132.5 | I105: ='Outsized 1.5x in 2030'!I18 -> 127.5 | J105: ='Outsized 1.5x in 2030'!J18 -> 127.5 | K105: ='Outsized 1.5x in 2030'!K18 -> 125 | ... M105: ='Outsized 1.5x in 2030'!M18 -> 1187.5
B106: Persona A Option 2 | D106: ='Outsized 1.5x in 2030'!Q18 -> 115 | E106: ='Outsized 1.5x in 2030'!R18 -> 115 | F106: ='Outsized 1.5x in 2030'!S18 -> 115 | G106: ='Outsized 1.5x in 2030'!T18 -> 150 | H106: ='Outsized 1.5x in 2030'!U18 -> 150 | I106: ='Outsized 1.5x in 2030'!V18 -> 115 | J106: ='Outsized 1.5x in 2030'!W18 -> 115 | K106: ='Outsized 1.5x in 2030'!X18 -> 115 | ... M106: ='Outsized 1.5x in 2030'!Z18 -> 1162.5
B107: Persona B Option 1 | D107: ='Outsized 1.5x in 2030'!D38 -> 125 | E107: ='Outsized 1.5x in 2030'!E38 -> 128.75 | F107: ='Outsized 1.5x in 2030'!F38 -> 130 | G107: ='Outsized 1.5x in 2030'!G38 -> 156.25 | H107: ='Outsized 1.5x in 2030'!H38 -> 127.5 | I107: ='Outsized 1.5x in 2030'!I38 -> 126.25 | J107: ='Outsized 1.5x in 2030'!J38 -> 125 | K107: ='Outsized 1.5x in 2030'!K38 -> 125 | ... M107: ='Outsized 1.5x in 2030'!M38 -> 908.75
B108: Persona B Option 2 | D108: ='Outsized 1.5x in 2030'!Q37 -> 125 | E108: ='Outsized 1.5x in 2030'!R37 -> 125 | F108: ='Outsized 1.5x in 2030'!S37 -> 125 | G108: ='Outsized 1.5x in 2030'!T37 -> 150 | H108: ='Outsized 1.5x in 2030'!U37 -> 137.5 | I108: ='Outsized 1.5x in 2030'!V37 -> 125 | J108: ='Outsized 1.5x in 2030'!W37 -> 125 | K108: ='Outsized 1.5x in 2030'!X37 -> 125 | ... M108: ='Outsized 1.5x in 2030'!Z37 -> 925
B109: Persona C Option 1 | D109: ='Outsized 1.5x in 2030'!D58 -> 125 | E109: ='Outsized 1.5x in 2030'!E58 -> 128.75 | F109: ='Outsized 1.5x in 2030'!F58 -> 130 | G109: ='Outsized 1.5x in 2030'!G58 -> 156.25 | H109: ='Outsized 1.5x in 2030'!H58 -> 127.5 | I109: ='Outsized 1.5x in 2030'!I58 -> 126.25 | J109: ='Outsized 1.5x in 2030'!J58 -> 125 | K109: ='Outsized 1.5x in 2030'!K58 -> 125 | ... M109: ='Outsized 1.5x in 2030'!M58 -> 883.75
B110: Persona C Option 2 | D110: ='Outsized 1.5x in 2030'!Q58 -> 125 | E110: ='Outsized 1.5x in 2030'!R58 -> 125 | F110: ='Outsized 1.5x in 2030'!S58 -> 125 | G110: ='Outsized 1.5x in 2030'!T58 -> 150 | H110: ='Outsized 1.5x in 2030'!U58 -> 125 | I110: ='Outsized 1.5x in 2030'!V58 -> 125 | J110: ='Outsized 1.5x in 2030'!W58 -> 125 | K110: ='Outsized 1.5x in 2030'!X58 -> 125 | ... M110: ='Outsized 1.5x in 2030'!Z58 -> 887.5
B111: Persona D Option 1 | D111: ='Outsized 1.5x in 2030'!D78 -> 125 | E111: ='Outsized 1.5x in 2030'!E78 -> 128.75 | F111: ='Outsized 1.5x in 2030'!F78 -> 130 | G111: ='Outsized 1.5x in 2030'!G78 -> 156.25 | H111: ='Outsized 1.5x in 2030'!H78 -> 127.5 | I111: ='Outsized 1.5x in 2030'!I78 -> 126.25 | J111: ='Outsized 1.5x in 2030'!J78 -> 125 | K111: ='Outsized 1.5x in 2030'!K78 -> 125 | ... M111: ='Outsized 1.5x in 2030'!M78 -> 858.75
...

Sheet Assumptions
B2: Assumptions
B3: Blue = input. Yellow = key assumption to confirm with Finance.
B5: Annual LTI target (index) | C5: 100 | I5: All figures are % of the annual LTI target.
B6: Base ceiling (x target) | C6: 1.25 | I6: Steady state, and the transition-year gap target.
B7: High-perf multiplier (x target) | C7: 1.5 | I7: Opt 1: grant Y1 = 150. Opt 2: gap target = 150.
B8: Opt 1 promotion (x target) | C8: 2 | I8: Promo-year gap target 200, then refreshes 200/30/10/10.
B9: Opt 2 new-hire premium (x target) | C9: 1.15 | I9: Persona A only. NHG = 115 / 57.5.
B10: Opt 2 promotion target | C10: 230 | I10: 2 x 115. Applies to every persona once promoted.
B11: Opt 2 refresh factor (x target) | C11: 0.5 | I11: Refresh half = this x the person's target: 57.5 / 62.5 / 115.
B12: Floor on gap grants (x target) | C12: 0.25 | I12: Applies in T and pre-T years. Perf multiplier applies on top.
B13: Pre-transition tail toggle | C13: 1 | I13: Option 1 only. Covers pre-transition top-ups AND promo grants in or before T. 1 = 100/15/5/5. 0 = one-year.
B16: Delivery vectors (multiples of the sizing column) | C16: Year 1 | D16: Year 2 | E16: Year 3 | F16: Year 4 | G16: Face / sizing
B17: Opt 1 shaped 100/15/5/5 | C17: 1 | D17: 0.15 | E17: 0.05 | F17: 0.05 | G17: 1.25 | I17: New hire, refresh and promo grants.
B18: Opt 2 two-year equal | C18: 1 | D18: 1 | E18: 0 | F18: 0 | G18: 2 | I18: Half now, half next year. Half = 0.5 x target.
B19: Opt 2 100/50 | C19: 1 | D19: 0.5 | E19: 0 | F19: 0 | G19: 1.5 | I19: New hire, collapsed transition grant, post-promo grant.
B20: Opt 2 100/50 starting T+1 | C20: 0 | D20: 1 | E20: 0.5 | F20: 0 | G20: 1.5 | I20: Used when legacy leaves no room in T.
B21: One-year grant | C21: 1 | D21: 0 | E21: 0 | F21: 0 | G21: 1 | I21: Pre-transition top-up and transition Grant 1.
B22: Opt 1 transition tail | C22: 0 | D22: 0.25 | E22: 0.1 | F22: 0.05 | G22: 0.4 | I22: Sizing column holds target. Never perf-scaled.
B23: Opt 1 pre-transition / promo grant | C23: 1 | D23: =IF(Assumptions!$C$13=1,0.15,0) -> 0.15 | E23: =IF(Assumptions!$C$13=1,0.05,0) -> 0.05 | F23: =IF(Assumptions!$C$13=1,0.05,0) -> 0.05 | G23: =IF(Assumptions!$C$13=1,1.25,1) -> 1.25 | I23: Driven by the tail toggle above.
B25: Personas and transition year T
B26: Persona A | C26: 2027 | I26: new hire 2027, no legacy grant
B27: Persona B | C27: 2030 | I27: hired 2026, 0 of target vesting in the transition year
B28: Persona C | C28: 2030 | I28: hired 2026, 25 of target vesting in the transition year
B29: Persona D | C29: 2030 | I29: hired 2026, 50 of target vesting in the transition year
B30: Persona E | C30: 2030 | I30: hired 2026, 75 of target vesting in the transition year
B31: Persona F | C31: 2027 | I31: hired 2023, 50 of target vesting in the transition year
B32: Persona G | C32: 2027 | I32: hired 2023, 75 of target vesting in the transition year
B33: Persona H | C33: 2028 | I33: hired 2024, 125 of target vesting in the transition year

Sheet Base
B2: Scenario: Base
B3: Grants in rows, years in columns. Option 1 left, Option 2 right. Index: annual LTI target = 100.
B5: Persona A new hire 2027, no legacy grant transition year 2027
B6: Option 1 100/15/5/5 | C6: Sizing | D6: 2027 | E6: 2028 | F6: 2029 | G6: 2030 | H6: 2031 | I6: 2032 | J6: 2033 | K6: 2034 | L6: 2035 | M6: Face | O6: Option 2 100/50 and 50/50 | P6: Sizing | Q6: 2027 | R6: 2028 | S6: 2029 | T6: 2030 | U6: 2031 | V6: 2032 | W6: 2033 | X6: 2034 | Y6: 2035 | Z6: Face
B7: Gap target (used only in T and promo years) | D7: =Assumptions!$C$5*Assumptions!$C$6 -> 125 | E7: =Assumptions!$C$5*Assumptions!$C$6 -> 125 | F7: =Assumptions!$C$5*Assumptions!$C$6 -> 125 | G7: =Assumptions!$C$5*Assumptions!$C$6 -> 125 | H7: =Assumptions!$C$5*Assumptions!$C$6 -> 125 | I7: =Assumptions!$C$5*Assumptions!$C$6 -> 125 | J7: =Assumptions!$C$5*Assumptions!$C$6 -> 125 | K7: =Assumptions!$C$5*Assumptions!$C$6 -> 125 | L7: =Assumptions!$C$5*Assumptions!$C$6 -> 125 | O7: Gap target (used only in T and promo years) | Q7: =Assumptions!$C$5*Assumptions!$C$6 -> 125 | R7: =Assumptions!$C$5*Assumptions!$C$6 -> 125 | S7: =Assumptions!$C$5*Assumptions!$C$6 -> 125 | T7: =Assumptions!$C$5*Assumptions!$C$6 -> 125 | U7: =Assumptions!$C$5*Assumptions!$C$6 -> 125 | V7: =Assumptions!$C$5*Assumptions!$C$6 -> 125 | W7: =Assumptions!$C$5*Assumptions!$C$6 -> 125 | X7: =Assumptions!$C$5*Assumptions!$C$6 -> 125 | Y7: =Assumptions!$C$5*Assumptions!$C$6 -> 125
B8: Legacy scheduled vest | D8: 0 | E8: 0 | F8: 0 | G8: 0 | H8: 0 | I8: 0 | J8: 0 | K8: 0 | L8: 0 | O8: Legacy scheduled vest | Q8: 0 | R8: 0 | S8: 0 | T8: 0 | U8: 0 | V8: 0 | W8: 0 | X8: 0 | Y8: 0
B9: 2027 new hire 100/15/5/5 | C9: =Assumptions!$C$5 -> 100 | D9: =$C9*Assumptions!$C$17 -> 100 | E9: =$C9*Assumptions!$D$17 -> 15 | F9: =$C9*Assumptions!$E$17 -> 5 | G9: =$C9*Assumptions!$F$17 -> 5 | M9: =$C9*Assumptions!$G$17 -> 125 | O9: 2027 new hire 100/50 at 1.15x | P9: =Assumptions!$C$5*Assumptions!$C$9 -> 115 | Q9: =$P9*Assumptions!$C$19 -> 115 | R9: =$P9*Assumptions!$D$19 -> 57.5 | S9: =$P9*Assumptions!$E$19 -> 0 | T9: =$P9*Assumptions!$F$19 -> 0 | Z9: =$P9*Assumptions!$G$19 -> 172.5
B10: 2028 refresh 100/15/5/5 | C10: =Assumptions!$C$5 -> 100 | E10: =$C10*Assumptions!$C$17 -> 100 | F10: =$C10*Assumptions!$D$17 -> 15 | G10: =$C10*Assumptions!$E$17 -> 5 | H10: =$C10*Assumptions!$F$17 -> 5 | M10: =$C10*Assumptions!$G$17 -> 125 | O10: 2028 refresh 50/50 at 115 | P10: =Assumptions!$C$11*Assumptions!$C$5*Assumptions!$C$9 -> 57.5 | R10: =$P10*Assumptions!$C$18 -> 57.5 | S10: =$P10*Assumptions!$D$18 -> 57.5 | T10: =$P10*Assumptions!$E$18 -> 0 | U10: =$P10*Assumptions!$F$18 -> 0 | Z10: =$P10*Assumptions!$G$18 -> 115
B11: 2029 refresh 100/15/5/5 | C11: =Assumptions!$C$5 -> 100 | F11: =$C11*Assumptions!$C$17 -> 100 | G11: =$C11*Assumptions!$D$17 -> 15 | H11: =$C11*Assumptions!$E$17 -> 5 | I11: =$C11*Assumptions!$F$17 -> 5 | M11: =$C11*Assumptions!$G$17 -> 125 | O11: 2029 refresh 50/50 at 115 | P11: =Assumptions!$C$11*Assumptions!$C$5*Assumptions!$C$9 -> 57.5 | S11: =$P11*Assumptions!$C$18 -> 57.5 | T11: =$P11*Assumptions!$D$18 -> 57.5 | U11: =$P11*Assumptions!$E$18 -> 0 | V11: =$P11*Assumptions!$F$18 -> 0 | Z11: =$P11*Assumptions!$G$18 -> 115
B12: 2030 refresh 100/15/5/5 | C12: =Assumptions!$C$5 -> 100 | G12: =$C12*Assumptions!$C$17 -> 100 | H12: =$C12*Assumptions!$D$17 -> 15 | I12: =$C12*Assumptions!$E$17 -> 5 | J12: =$C12*Assumptions!$F$17 -> 5 | M12: =$C12*Assumptions!$G$17 -> 125 | O12: 2030 refresh 50/50 at 115 | P12: =Assumptions!$C$11*Assumptions!$C$5*Assumptions!$C$9 -> 57.5 | T12: =$P12*Assumptions!$C$18 -> 57.5 | U12: =$P12*Assumptions!$D$18 -> 57.5 | V12: =$P12*Assumptions!$E$18 -> 0 | W12: =$P12*Assumptions!$F$18 -> 0 | Z12: =$P12*Assumptions!$G$18 -> 115
B13: 2031 refresh 100/15/5/5 | C13: =Assumptions!$C$5 -> 100 | H13: =$C13*Assumptions!$C$17 -> 100 | I13: =$C13*Assumptions!$D$17 -> 15 | J13: =$C13*Assumptions!$E$17 -> 5 | K13: =$C13*Assumptions!$F$17 -> 5 | M13: =$C13*Assumptions!$G$17 -> 125 | O13: 2031 refresh 50/50 at 115 | P13: =Assumptions!$C$11*Assumptions!$C$5*Assumptions!$C$9 -> 57.5 | U13: =$P13*Assumptions!$C$18 -> 57.5 | V13: =$P13*Assumptions!$D$18 -> 57.5 | W13: =$P13*Assumptions!$E$18 -> 0 | X13: =$P13*Assumptions!$F$18 -> 0 | Z13: =$P13*Assumptions!$G$18 -> 115
B14: 2032 refresh 100/15/5/5 | C14: =Assumptions!$C$5 -> 100 | I14: =$C14*Assumptions!$C$17 -> 100 | J14: =$C14*Assumptions!$D$17 -> 15 | K14: =$C14*Assumptions!$E$17 -> 5 | L14: =$C14*Assumptions!$F$17 -> 5 | M14: =$C14*Assumptions!$G$17 -> 125 | O14: 2032 refresh 50/50 at 115 | P14: =Assumptions!$C$11*Assumptions!$C$5*Assumptions!$C$9 -> 57.5 | V14: =$P14*Assumptions!$C$18 -> 57.5 | W14: =$P14*Assumptions!$D$18 -> 57.5 | X14: =$P14*Assumptions!$E$18 -> 0 | Y14: =$P14*Assumptions!$F$18 -> 0 | Z14: =$P14*Assumptions!$G$18 -> 115
B15: 2033 refresh 100/15/5/5 | C15: =Assumptions!$C$5 -> 100 | J15: =$C15*Assumptions!$C$17 -> 100 | K15: =$C15*Assumptions!$D$17 -> 15 | L15: =$C15*Assumptions!$E$17 -> 5 | M15: =$C15*Assumptions!$G$17 -> 125 | O15: 2033 refresh 50/50 at 115 | P15: =Assumptions!$C$11*Assumptions!$C$5*Assumptions!$C$9 -> 57.5 | W15: =$P15*Assumptions!$C$18 -> 57.5 | X15: =$P15*Assumptions!$D$18 -> 57.5 | Y15: =$P15*Assumptions!$E$18 -> 0 | Z15: =$P15*Assumptions!$G$18 -> 115
B16: 2034 refresh 100/15/5/5 | C16: =Assumptions!$C$5 -> 100 | K16: =$C16*Assumptions!$C$17 -> 100 | L16: =$C16*Assumptions!$D$17 -> 15 | M16: =$C16*Assumptions!$G$17 -> 125 | O16: 2034 refresh 50/50 at 115 | P16: =Assumptions!$C$11*Assumptions!$C$5*Assumptions!$C$9 -> 57.5 | X16: =$P16*Assumptions!$C$18 -> 57.5 | Y16: =$P16*Assumptions!$D$18 -> 57.5 | Z16: =$P16*Assumptions!$G$18 -> 115
B17: 2035 refresh 100/15/5/5 | C17: =Assumptions!$C$5 -> 100 | L17: =$C17*Assumptions!$C$17 -> 100 | M17: =$C17*Assumptions!$G$17 -> 125 | O17: 2035 refresh 50/50 at 115 | P17: =Assumptions!$C$11*Assumptions!$C$5*Assumptions!$C$9 -> 57.5 | Y17: =$P17*Assumptions!$C$18 -> 57.5 | Z17: =$P17*Assumptions!$G$18 -> 115
B18: Total annual vest | C18: Total | D18: =D8+SUM(D9:D17) -> 100 | E18: =E8+SUM(E9:E17) -> 115 | F18: =F8+SUM(F9:F17) -> 120 | G18: =G8+SUM(G9:G17) -> 125 | H18: =H8+SUM(H9:H17) -> 125 | I18: =I8+SUM(I9:I17) -> 125 | J18: =J8+SUM(J9:J17) -> 125 | K18: =K8+SUM(K9:K17) -> 125 | L18: =L8+SUM(L9:L17) -> 125 | M18: =SUM(M9:M17) -> 1125 | O18: Total annual vest | P18: Total | Q18: =Q8+SUM(Q9:Q17) -> 115 | R18: =R8+SUM(R9:R17) -> 115 | S18: =S8+SUM(S9:S17) -> 115 | T18: =T8+SUM(T9:T17) -> 115 | U18: =U8+SUM(U9:U17) -> 115 | V18: =V8+SUM(V9:V17) -> 115 | W18: =W8+SUM(W9:W17) -> 115 | X18: =X8+SUM(X9:X17) -> 115 | Y18: =Y8+SUM(Y9:Y17) -> 115 | Z18: =SUM(Z9:Z17) -> 1092.5
B19: % of steady-state ceiling | D19: =D18/D7 -> 0.8 | E19: =E18/E7 -> 0.92 | F19: =F18/F7 -> 0.96 | G19: =G18/G7 -> 1 | H19: =H18/H7 -> 1 | I19: =I18/I7 -> 1 | J19: =J18/J7 -> 1 | K19: =K18/K7 -> 1 | L19: =L18/L7 -> 1 | O19: % of steady-state ceiling | Q19: =Q18/Q7 -> 0.92 | R19: =R18/R7 -> 0.92 | S19: =S18/S7 -> 0.92 | T19: =T18/T7 -> 0.92 | U19: =U18/U7 -> 0.92 | V19: =V18/V7 -> 0.92 | W19: =W18/W7 -> 0.92 | X19: =X18/X7 -> 0.92 | Y19: =Y18/Y7 -> 0.92
B20: Change vs prior year | D20: =D18-Assumptions!$C$5 -> 0 | E20: =E18-D18 -> 15 | F20: =F18-E18 -> 5 | G20: =G18-F18 -> 5 | H20: =H18-G18 -> 0 | I20: =I18-H18 -> 0 | J20: =J18-I18 -> 0 | K20: =K18-J18 -> 0 | L20: =L18-K18 -> 0 | O20: Change vs prior year | Q20: =Q18-Assumptions!$C$5 -> 15 | R20: =R18-Q18 -> 0 | S20: =S18-R18 -> 0 | T20: =T18-S18 -> 0 | U20: =U18-T18 -> 0 | V20: =V18-U18 -> 0 | W20: =W18-V18 -> 0 | X20: =X18-W18 -> 0 | Y20: =Y18-X18 -> 0
B24: Persona B hired 2026, 0 of target vesting in the transition year transition year 2030
B25: Option 1 100/15/5/5 | C25: Sizing | D25: 2027 | E25: 2028 | F25: 2029 | G25: 2030 | H25: 2031 | I25: 2032 | J25: 2033 | K25: 2034 | L25: 2035 | M25: Face | O25: Option 2 100/50 and 50/50 | P25: Sizing | Q25: 2027 | R25: 2028 | S25: 2029 | T25: 2030 | U25: 2031 | V25: 2032 | W25: 2033 | X25: 2034 | Y25: 2035 | Z25: Face
B26: Gap target (used only in T and promo years) | D26: =Assumptions!$C$5*Assumptions!$C$6 -> 125 | E26: =Assumptions!$C$5*Assumptions!$C$6 -> 125 | F26: =Assumptions!$C$5*Assumptions!$C$6 -> 125 | G26: =Assumptions!$C$5*Assumptions!$C$6 -> 125 | H26: =Assumptions!$C$5*Assumptions!$C$6 -> 125 | I26: =Assumptions!$C$5*Assumptions!$C$6 -> 125 | J26: =Assumptions!$C$5*Assumptions!$C$6 -> 125 | K26: =Assumptions!$C$5*Assumptions!$C$6 -> 125 | L26: =Assumptions!$C$5*Assumptions!$C$6 -> 125 | O26: Gap target (used only in T and promo years) | Q26: =Assumptions!$C$5*Assumptions!$C$6 -> 125 | R26: =Assumptions!$C$5*Assumptions!$C$6 -> 125 | S26: =Assumptions!$C$5*Assumptions!$C$6 -> 125 | T26: =Assumptions!$C$5*Assumptions!$C$6 -> 125 | U26: =Assumptions!$C$5*Assumptions!$C$6 -> 125 | V26: =Assumptions!$C$5*Assumptions!$C$6 -> 125 | W26: =Assumptions!$C$5*Assumptions!$C$6 -> 125 | X26: =Assumptions!$C$5*Assumptions!$C$6 -> 125 | Y26: =Assumptions!$C$5*Assumptions!$C$6 -> 125
B27: Legacy scheduled vest | D27: 100 | E27: 100 | F27: 100 | G27: 0 | H27: 0 | I27: 0 | J27: 0 | K27: 0 | L27: 0 | O27: Legacy scheduled vest | Q27: 100 | R27: 100 | S27: 100 | T27: 0 | U27: 0 | V27: 0 | W27: 0 | X27: 0 | Y27: 0
B28: 2027 pre-transition top-up | C28: =MAX(Assumptions!$C$5*Assumptions!$C$12,D26-(D27)) -> 25 | D28: =$C28*Assumptions!$C$23 -> 25 | E28: =$C28*Assumptions!$D$23 -> 3.75 | F28: =$C28*Assumptions!$E$23 -> 1.25 | G28: =$C28*Assumptions!$F$23 -> 1.25 | M28: =$C28*Assumptions!$G$23 -> 31.25 | O28: 2027 pre-transition top-up (1 year) | P28: =MAX(Assumptions!$C$5*Assumptions!$C$12,Q26-(Q27)) -> 25 | Q28: =$P28*Assumptions!$C$21 -> 25 | R28: =$P28*Assumptions!$D$21 -> 0 | S28: =$P28*Assumptions!$E$21 -> 0 | T28: =$P28*Assumptions!$F$21 -> 0 | Z28: =$P28*Assumptions!$G$21 -> 25
B29: 2028 pre-transition top-up | C29: =MAX(Assumptions!$C$5*Assumptions!$C$12,E26-(E27)) -> 25 | E29: =$C29*Assumptions!$C$23 -> 25 | F29: =$C29*Assumptions!$D$23 -> 3.75 | G29: =$C29*Assumptions!$E$23 -> 1.25 | H29: =$C29*Assumptions!$F$23 -> 1.25 | M29: =$C29*Assumptions!$G$23 -> 31.25 | O29: 2028 pre-transition top-up (1 year) | P29: =MAX(Assumptions!$C$5*Assumptions!$C$12,R26-(R27)) -> 25 | R29: =$P29*Assumptions!$C$21 -> 25 | S29: =$P29*Assumptions!$D$21 -> 0 | T29: =$P29*Assumptions!$E$21 -> 0 | U29: =$P29*Assumptions!$F$21 -> 0 | Z29: =$P29*Assumptions!$G$21 -> 25
B30: 2029 pre-transition top-up | C30: =MAX(Assumptions!$C$5*Assumptions!$C$12,F26-(F27)) -> 25 | F30: =$C30*Assumptions!$C$23 -> 25 | G30: =$C30*Assumptions!$D$23 -> 3.75 | H30: =$C30*Assumptions!$E$23 -> 1.25 | I30: =$C30*Assumptions!$F$23 -> 1.25 | M30: =$C30*Assumptions!$G$23 -> 31.25 | O30: 2029 pre-transition top-up (1 year) | P30: =MAX(Assumptions!$C$5*Assumptions!$C$12,S26-(S27)) -> 25 | S30: =$P30*Assumptions!$C$21 -> 25 | T30: =$P30*Assumptions!$D$21 -> 0 | U30: =$P30*Assumptions!$E$21 -> 0 | V30: =$P30*Assumptions!$F$21 -> 0 | Z30: =$P30*Assumptions!$G$21 -> 25
B31: 2030 transition Grant 1 (gap on legacy) | C31: =MAX(Assumptions!$C$5*Assumptions!$C$12,G26-(G27)) -> 125 | G31: =$C31*Assumptions!$C$21 -> 125 | H31: =$C31*Assumptions!$D$21 -> 0 | I31: =$C31*Assumptions!$E$21 -> 0 | J31: =$C31*Assumptions!$F$21 -> 0 | M31: =$C31*Assumptions!$G$21 -> 125 | O31: 2030 transition 100/50 at 125 | P31: =Assumptions!$C$5*Assumptions!$C$6 -> 125 | T31: =$P31*Assumptions!$C$19 -> 125 | U31: =$P31*Assumptions!$D$19 -> 62.5 | V31: =$P31*Assumptions!$E$19 -> 0 | W31: =$P31*Assumptions!$F$19 -> 0 | Z31: =$P31*Assumptions!$G$19 -> 187.5
B32: 2030 transition Grant 2 tail 0/25/10/5 | C32: =Assumptions!$C$5 -> 100 | G32: =$C32*Assumptions!$C$22 -> 0 | H32: =$C32*Assumptions!$D$22 -> 25 | I32: =$C32*Assumptions!$E$22 -> 10 | J32: =$C32*Assumptions!$F$22 -> 5 | M32: =$C32*Assumptions!$G$22 -> 40 | O32: 2031 refresh 50/50 | P32: =Assumptions!$C$11*Assumptions!$C$5*Assumptions!$C$6 -> 62.5 | U32: =$P32*Assumptions!$C$18 -> 62.5 | V32: =$P32*Assumptions!$D$18 -> 62.5 | W32: =$P32*Assumptions!$E$18 -> 0 | X32: =$P32*Assumptions!$F$18 -> 0 | Z32: =$P32*Assumptions!$G$18 -> 125
B33: 2031 refresh 100/15/5/5 | C33: =Assumptions!$C$5 -> 100 | H33: =$C33*Assumptions!$C$17 -> 100 | I33: =$C33*Assumptions!$D$17 -> 15 | J33: =$C33*Assumptions!$E$17 -> 5 | K33: =$C33*Assumptions!$F$17 -> 5 | M33: =$C33*Assumptions!$G$17 -> 125 | O33: 2032 refresh 50/50 | P33: =Assumptions!$C$11*Assumptions!$C$5*Assumptions!$C$6 -> 62.5 | V33: =$P33*Assumptions!$C$18 -> 62.5 | W33: =$P33*Assumptions!$D$18 -> 62.5 | X33: =$P33*Assumptions!$E$18 -> 0 | Y33: =$P33*Assumptions!$F$18 -> 0 | Z33: =$P33*Assumptions!$G$18 -> 125
B34: 2032 refresh 100/15/5/5 | C34: =Assumptions!$C$5 -> 100 | I34: =$C34*Assumptions!$C$17 -> 100 | J34: =$C34*Assumptions!$D$17 -> 15 | K34: =$C34*Assumptions!$E$17 -> 5 | L34: =$C34*Assumptions!$F$17 -> 5 | M34: =$C34*Assumptions!$G$17 -> 125 | O34: 2033 refresh 50/50 | P34: =Assumptions!$C$11*Assumptions!$C$5*Assumptions!$C$6 -> 62.5 | W34: =$P34*Assumptions!$C$18 -> 62.5 | X34: =$P34*Assumptions!$D$18 -> 62.5 | Y34: =$P34*Assumptions!$E$18 -> 0 | Z34: =$P34*Assumptions!$G$18 -> 125
B35: 2033 refresh 100/15/5/5 | C35: =Assumptions!$C$5 -> 100 | J35: =$C35*Assumptions!$C$17 -> 100 | K35: =$C35*Assumptions!$D$17 -> 15 | L35: =$C35*Assumptions!$E$17 -> 5 | M35: =$C35*Assumptions!$G$17 -> 125 | O35: 2034 refresh 50/50 | P35: =Assumptions!$C$11*Assumptions!$C$5*Assumptions!$C$6 -> 62.5 | X35: =$P35*Assumptions!$C$18 -> 62.5 | Y35: =$P35*Assumptions!$D$18 -> 62.5 | Z35: =$P35*Assumptions!$G$18 -> 125
B36: 2034 refresh 100/15/5/5 | C36: =Assumptions!$C$5 -> 100 | K36: =$C36*Assumptions!$C$17 -> 100 | L36: =$C36*Assumptions!$D$17 -> 15 | M36: =$C36*Assumptions!$G$17 -> 125 | O36: 2035 refresh 50/50 | P36: =Assumptions!$C$11*Assumptions!$C$5*Assumptions!$C$6 -> 62.5 | Y36: =$P36*Assumptions!$C$18 -> 62.5 | Z36: =$P36*Assumptions!$G$18 -> 125
B37: 2035 refresh 100/15/5/5 | C37: =Assumptions!$C$5 -> 100 | L37: =$C37*Assumptions!$C$17 -> 100 | M37: =$C37*Assumptions!$G$17 -> 125 | O37: Total annual vest | P37: Total | Q37: =Q27+SUM(Q28:Q36) -> 125 | R37: =R27+SUM(R28:R36) -> 125 | S37: =S27+SUM(S28:S36) -> 125 | T37: =T27+SUM(T28:T36) -> 125 | U37: =U27+SUM(U28:U36) -> 125 | V37: =V27+SUM(V28:V36) -> 125 | W37: =W27+SUM(W28:W36) -> 125 | X37: =X27+SUM(X28:X36) -> 125 | Y37: =Y27+SUM(Y28:Y36) -> 125 | Z37: =SUM(Z28:Z36) -> 887.5
B38: Total annual vest | C38: Total | D38: =D27+SUM(D28:D37) -> 125 | E38: =E27+SUM(E28:E37) -> 128.75 | F38: =F27+SUM(F28:F37) -> 130 | G38: =G27+SUM(G28:G37) -> 131.25 | H38: =H27+SUM(H28:H37) -> 127.5 | I38: =I27+SUM(I28:I37) -> 126.25 | J38: =J27+SUM(J28:J37) -> 125 | K38: =K27+SUM(K28:K37) -> 125 | L38: =L27+SUM(L28:L37) -> 125 | M38: =SUM(M28:M37) -> 883.75 | O38: % of steady-state ceiling | Q38: =Q37/Q26 -> 1 | R38: =R37/R26 -> 1 | S38: =S37/S26 -> 1 | T38: =T37/T26 -> 1 | U38: =U37/U26 -> 1 | V38: =V37/V26 -> 1 | W38: =W37/W26 -> 1 | X38: =X37/X26 -> 1 | Y38: =Y37/Y26 -> 1
B39: % of steady-state ceiling | D39: =D38/D26 -> 1 | E39: =E38/E26 -> 1.03 | F39: =F38/F26 -> 1.04 | G39: =G38/G26 -> 1.05 | H39: =H38/H26 -> 1.02 | I39: =I38/I26 -> 1.01 | J39: =J38/J26 -> 1 | K39: =K38/K26 -> 1 | L39: =L38/L26 -> 1 | O39: Change vs prior year | Q39: =Q37-Assumptions!$C$5 -> 25 | R39: =R37-Q37 -> 0 | S39: =S37-R37 -> 0 | T39: =T37-S37 -> 0 | U39: =U37-T37 -> 0 | V39: =V37-U37 -> 0 | W39: =W37-V37 -> 0 | X39: =X37-W37 -> 0 | Y39: =Y37-X37 -> 0
B40: Change vs prior year | D40: =D38-Assumptions!$C$5 -> 25 | E40: =E38-D38 -> 3.75 | F40: =F38-E38 -> 1.25 | G40: =G38-F38 -> 1.25 | H40: =H38-G38 -> -3.75 | I40: =I38-H38 -> -1.25 | J40: =J38-I38 -> -1.25 | K40: =K38-J38 -> 0 | L40: =L38-K38 -> 0
B44: Persona C hired 2026, 25 of target vesting in the transition year transition year 2030
B45: Option 1 100/15/5/5 | C45: Sizing | D45: 2027 | E45: 2028 | F45: 2029 | G45: 2030 | H45: 2031 | I45: 2032 | J45: 2033 | K45: 2034 | L45: 2035 | M45: Face | O45: Option 2 100/50 and 50/50 | P45: Sizing | Q45: 2027 | R45: 2028 | S45: 2029 | T45: 2030 | U45: 2031 | V45: 2032 | W45: 2033 | X45: 2034 | Y45: 2035 | Z45: Face
B46: Gap target (used only in T and promo years) | D46: =Assumptions!$C$5*Assumptions!$C$6 -> 125 | E46: =Assumptions!$C$5*Assumptions!$C$6 -> 125 | F46: =Assumptions!$C$5*Assumptions!$C$6 -> 125 | G46: =Assumptions!$C$5*Assumptions!$C$6 -> 125 | H46: =Assumptions!$C$5*Assumptions!$C$6 -> 125 | I46: =Assumptions!$C$5*Assumptions!$C$6 -> 125 | J46: =Assumptions!$C$5*Assumptions!$C$6 -> 125 | K46: =Assumptions!$C$5*Assumptions!$C$6 -> 125 | L46: =Assumptions!$C$5*Assumptions!$C$6 -> 125 | O46: Gap target (used only in T and promo years) | Q46: =Assumptions!$C$5*Assumptions!$C$6 -> 125 | R46: =Assumptions!$C$5*Assumptions!$C$6 -> 125 | S46: =Assumptions!$C$5*Assumptions!$C$6 -> 125 | T46: =Assumptions!$C$5*Assumptions!$C$6 -> 125 | U46: =Assumptions!$C$5*Assumptions!$C$6 -> 125 | V46: =Assumptions!$C$5*Assumptions!$C$6 -> 125 | W46: =Assumptions!$C$5*Assumptions!$C$6 -> 125 | X46: =Assumptions!$C$5*Assumptions!$C$6 -> 125 | Y46: =Assumptions!$C$5*Assumptions!$C$6 -> 125
B47: Legacy scheduled vest | D47: 100 | E47: 100 | F47: 100 | G47: 25 | H47: 0 | I47: 0 | J47: 0 | K47: 0 | L47: 0 | O47: Legacy scheduled vest | Q47: 100 | R47: 100 | S47: 100 | T47: 25 | U47: 0 | V47: 0 | W47: 0 | X47: 0 | Y47: 0
B48: 2027 pre-transition top-up | C48: =MAX(Assumptions!$C$5*Assumptions!$C$12,D46-(D47)) -> 25 | D48: =$C48*Assumptions!$C$23 -> 25 | E48: =$C48*Assumptions!$D$23 -> 3.75 | F48: =$C48*Assumptions!$E$23 -> 1.25 | G48: =$C48*Assumptions!$F$23 -> 1.25 | M48: =$C48*Assumptions!$G$23 -> 31.25 | O48: 2027 pre-transition top-up (1 year) | P48: =MAX(Assumptions!$C$5*Assumptions!$C$12,Q46-(Q47)) -> 25 | Q48: =$P48*Assumptions!$C$21 -> 25 | R48: =$P48*Assumptions!$D$21 -> 0 | S48: =$P48*Assumptions!$E$21 -> 0 | T48: =$P48*Assumptions!$F$21 -> 0 | Z48: =$P48*Assumptions!$G$21 -> 25
B49: 2028 pre-transition top-up | C49: =MAX(Assumptions!$C$5*Assumptions!$C$12,E46-(E47)) -> 25 | E49: =$C49*Assumptions!$C$23 -> 25 | F49: =$C49*Assumptions!$D$23 -> 3.75 | G49: =$C49*Assumptions!$E$23 -> 1.25 | H49: =$C49*Assumptions!$F$23 -> 1.25 | M49: =$C49*Assumptions!$G$23 -> 31.25 | O49: 2028 pre-transition top-up (1 year) | P49: =MAX(Assumptions!$C$5*Assumptions!$C$12,R46-(R47)) -> 25 | R49: =$P49*Assumptions!$C$21 -> 25 | S49: =$P49*Assumptions!$D$21 -> 0 | T49: =$P49*Assumptions!$E$21 -> 0 | U49: =$P49*Assumptions!$F$21 -> 0 | Z49: =$P49*Assumptions!$G$21 -> 25
B50: 2029 pre-transition top-up | C50: =MAX(Assumptions!$C$5*Assumptions!$C$12,F46-(F47)) -> 25 | F50: =$C50*Assumptions!$C$23 -> 25 | G50: =$C50*Assumptions!$D$23 -> 3.75 | H50: =$C50*Assumptions!$E$23 -> 1.25 | I50: =$C50*Assumptions!$F$23 -> 1.25 | M50: =$C50*Assumptions!$G$23 -> 31.25 | O50: 2029 pre-transition top-up (1 year) | P50: =MAX(Assumptions!$C$5*Assumptions!$C$12,S46-(S47)) -> 25 | S50: =$P50*Assumptions!$C$21 -> 25 | T50: =$P50*Assumptions!$D$21 -> 0 | U50: =$P50*Assumptions!$E$21 -> 0 | V50: =$P50*Assumptions!$F$21 -> 0 | Z50: =$P50*Assumptions!$G$21 -> 25
B51: 2030 transition Grant 1 (gap on legacy) | C51: =MAX(Assumptions!$C$5*Assumptions!$C$12,G46-(G47)) -> 100 | G51: =$C51*Assumptions!$C$21 -> 100 | H51: =$C51*Assumptions!$D$21 -> 0 | I51: =$C51*Assumptions!$E$21 -> 0 | J51: =$C51*Assumptions!$F$21 -> 0 | M51: =$C51*Assumptions!$G$21 -> 100 | O51: 2030 transition Grant 1 (gap) | P51: =T46-(T47+$P52) -> 37.5 | T51: =$P51*Assumptions!$C$21 -> 37.5 | U51: =$P51*Assumptions!$D$21 -> 0 | V51: =$P51*Assumptions!$E$21 -> 0 | W51: =$P51*Assumptions!$F$21 -> 0 | Z51: =$P51*Assumptions!$G$21 -> 37.5
B52: 2030 transition Grant 2 tail 0/25/10/5 | C52: =Assumptions!$C$5 -> 100 | G52: =$C52*Assumptions!$C$22 -> 0 | H52: =$C52*Assumptions!$D$22 -> 25 | I52: =$C52*Assumptions!$E$22 -> 10 | J52: =$C52*Assumptions!$F$22 -> 5 | M52: =$C52*Assumptions!$G$22 -> 40 | O52: 2030 transition Grant 2 2-yr equal | P52: =Assumptions!$C$11*Assumptions!$C$5*Assumptions!$C$6 -> 62.5 | T52: =$P52*Assumptions!$C$18 -> 62.5 | U52: =$P52*Assumptions!$D$18 -> 62.5 | V52: =$P52*Assumptions!$E$18 -> 0 | W52: =$P52*Assumptions!$F$18 -> 0 | Z52: =$P52*Assumptions!$G$18 -> 125
B53: 2031 refresh 100/15/5/5 | C53: =Assumptions!$C$5 -> 100 | H53: =$C53*Assumptions!$C$17 -> 100 | I53: =$C53*Assumptions!$D$17 -> 15 | J53: =$C53*Assumptions!$E$17 -> 5 | K53: =$C53*Assumptions!$F$17 -> 5 | M53: =$C53*Assumptions!$G$17 -> 125 | O53: 2031 refresh 50/50 | P53: =Assumptions!$C$11*Assumptions!$C$5*Assumptions!$C$6 -> 62.5 | U53: =$P53*Assumptions!$C$18 -> 62.5 | V53: =$P53*Assumptions!$D$18 -> 62.5 | W53: =$P53*Assumptions!$E$18 -> 0 | X53: =$P53*Assumptions!$F$18 -> 0 | Z53: =$P53*Assumptions!$G$18 -> 125
B54: 2032 refresh 100/15/5/5 | C54: =Assumptions!$C$5 -> 100 | I54: =$C54*Assumptions!$C$17 -> 100 | J54: =$C54*Assumptions!$D$17 -> 15 | K54: =$C54*Assumptions!$E$17 -> 5 | L54: =$C54*Assumptions!$F$17 -> 5 | M54: =$C54*Assumptions!$G$17 -> 125 | O54: 2032 refresh 50/50 | P54: =Assumptions!$C$11*Assumptions!$C$5*Assumptions!$C$6 -> 62.5 | V54: =$P54*Assumptions!$C$18 -> 62.5 | W54: =$P54*Assumptions!$D$18 -> 62.5 | X54: =$P54*Assumptions!$E$18 -> 0 | Y54: =$P54*Assumptions!$F$18 -> 0 | Z54: =$P54*Assumptions!$G$18 -> 125
B55: 2033 refresh 100/15/5/5 | C55: =Assumptions!$C$5 -> 100 | J55: =$C55*Assumptions!$C$17 -> 100 | K55: =$C55*Assumptions!$D$17 -> 15 | L55: =$C55*Assumptions!$E$17 -> 5 | M55: =$C55*Assumptions!$G$17 -> 125 | O55: 2033 refresh 50/50 | P55: =Assumptions!$C$11*Assumptions!$C$5*Assumptions!$C$6 -> 62.5 | W55: =$P55*Assumptions!$C$18 -> 62.5 | X55: =$P55*Assumptions!$D$18 -> 62.5 | Y55: =$P55*Assumptions!$E$18 -> 0 | Z55: =$P55*Assumptions!$G$18 -> 125
B56: 2034 refresh 100/15/5/5 | C56: =Assumptions!$C$5 -> 100 | K56: =$C56*Assumptions!$C$17 -> 100 | L56: =$C56*Assumptions!$D$17 -> 15 | M56: =$C56*Assumptions!$G$17 -> 125 | O56: 2034 refresh 50/50 | P56: =Assumptions!$C$11*Assumptions!$C$5*Assumptions!$C$6 -> 62.5 | X56: =$P56*Assumptions!$C$18 -> 62.5 | Y56: =$P56*Assumptions!$D$18 -> 62.5 | Z56: =$P56*Assumptions!$G$18 -> 125
B57: 2035 refresh 100/15/5/5 | C57: =Assumptions!$C$5 -> 100 | L57: =$C57*Assumptions!$C$17 -> 100 | M57: =$C57*Assumptions!$G$17 -> 125 | O57: 2035 refresh 50/50 | P57: =Assumptions!$C$11*Assumptions!$C$5*Assumptions!$C$6 -> 62.5 | Y57: =$P57*Assumptions!$C$18 -> 62.5 | Z57: =$P57*Assumptions!$G$18 -> 125
B58: Total annual vest | C58: Total | D58: =D47+SUM(D48:D57) -> 125 | E58: =E47+SUM(E48:E57) -> 128.75 | F58: =F47+SUM(F48:F57) -> 130 | G58: =G47+SUM(G48:G57) -> 131.25 | H58: =H47+SUM(H48:H57) -> 127.5 | I58: =I47+SUM(I48:I57) -> 126.25 | J58: =J47+SUM(J48:J57) -> 125 | K58: =K47+SUM(K48:K57) -> 125 | L58: =L47+SUM(L48:L57) -> 125 | M58: =SUM(M48:M57) -> 858.75 | O58: Total annual vest | P58: Total | Q58: =Q47+SUM(Q48:Q57) -> 125 | R58: =R47+SUM(R48:R57) -> 125 | S58: =S47+SUM(S48:S57) -> 125 | T58: =T47+SUM(T48:T57) -> 125 | U58: =U47+SUM(U48:U57) -> 125 | V58: =V47+SUM(V48:V57) -> 125 | W58: =W47+SUM(W48:W57) -> 125 | X58: =X47+SUM(X48:X57) -> 125 | Y58: =Y47+SUM(Y48:Y57) -> 125 | Z58: =SUM(Z48:Z57) -> 862.5
B59: % of steady-state ceiling | D59: =D58/D46 -> 1 | E59: =E58/E46 -> 1.03 | F59: =F58/F46 -> 1.04 | G59: =G58/G46 -> 1.05 | H59: =H58/H46 -> 1.02 | I59: =I58/I46 -> 1.01 | J59: =J58/J46 -> 1 | K59: =K58/K46 -> 1 | L59: =L58/L46 -> 1 | O59: % of steady-state ceiling | Q59: =Q58/Q46 -> 1 | R59: =R58/R46 -> 1 | S59: =S58/S46 -> 1 | T59: =T58/T46 -> 1 | U59: =U58/U46 -> 1 | V59: =V58/V46 -> 1 | W59: =W58/W46 -> 1 | X59: =X58/X46 -> 1 | Y59: =Y58/Y46 -> 1
B60: Change vs prior year | D60: =D58-Assumptions!$C$5 -> 25 | E60: =E58-D58 -> 3.75 | F60: =F58-E58 -> 1.25 | G60: =G58-F58 -> 1.25 | H60: =H58-G58 -> -3.75 | I60: =I58-H58 -> -1.25 | J60: =J58-I58 -> -1.25 | K60: =K58-J58 -> 0 | L60: =L58-K58 -> 0 | O60: Change vs prior year | Q60: =Q58-Assumptions!$C$5 -> 25 | R60: =R58-Q58 -> 0 | S60: =S58-R58 -> 0 | T60: =T58-S58 -> 0 | U60: =U58-T58 -> 0 | V60: =V58-U58 -> 0 | W60: =W58-V58 -> 0 | X60: =X58-W58 -> 0 | Y60: =Y58-X58 -> 0
B64: Persona D hired 2026, 50 of target vesting in the transition year transition year 2030
B65: Option 1 100/15/5/5 | C65: Sizing | D65: 2027 | E65: 2028 | F65: 2029 | G65: 2030 | H65: 2031 | I65: 2032 | J65: 2033 | K65: 2034 | L65: 2035 | M65: Face | O65: Option 2 100/50 and 50/50 | P65: Sizing | Q65: 2027 | R65: 2028 | S65: 2029 | T65: 2030 | U65: 2031 | V65: 2032 | W65: 2033 | X65: 2034 | Y65: 2035 | Z65: Face
B66: Gap target (used only in T and promo years) | D66: =Assumptions!$C$5*Assumptions!$C$6 -> 125 | E66: =Assumptions!$C$5*Assumptions!$C$6 -> 125 | F66: =Assumptions!$C$5*Assumptions!$C$6 -> 125 | G66: =Assumptions!$C$5*Assumptions!$C$6 -> 125 | H66: =Assumptions!$C$5*Assumptions!$C$6 -> 125 | I66: =Assumptions!$C$5*Assumptions!$C$6 -> 125 | J66: =Assumptions!$C$5*Assumptions!$C$6 -> 125 | K66: =Assumptions!$C$5*Assumptions!$C$6 -> 125 | L66: =Assumptions!$C$5*Assumptions!$C$6 -> 125 | O66: Gap target (used only in T and promo years) | Q66: =Assumptions!$C$5*Assumptions!$C$6 -> 125 | R66: =Assumptions!$C$5*Assumptions!$C$6 -> 125 | S66: =Assumptions!$C$5*Assumptions!$C$6 -> 125 | T66: =Assumptions!$C$5*Assumptions!$C$6 -> 125 | U66: =Assumptions!$C$5*Assumptions!$C$6 -> 125 | V66: =Assumptions!$C$5*Assumptions!$C$6 -> 125 | W66: =Assumptions!$C$5*Assumptions!$C$6 -> 125 | X66: =Assumptions!$C$5*Assumptions!$C$6 -> 125 | Y66: =Assumptions!$C$5*Assumptions!$C$6 -> 125
B67: Legacy scheduled vest | D67: 100 | E67: 100 | F67: 100 | G67: 50 | H67: 0 | I67: 0 | J67: 0 | K67: 0 | L67: 0 | O67: Legacy scheduled vest | Q67: 100 | R67: 100 | S67: 100 | T67: 50 | U67: 0 | V67: 0 | W67: 0 | X67: 0 | Y67: 0
B68: 2027 pre-transition top-up | C68: =MAX(Assumptions!$C$5*Assumptions!$C$12,D66-(D67)) -> 25 | D68: =$C68*Assumptions!$C$23 -> 25 | E68: =$C68*Assumptions!$D$23 -> 3.75 | F68: =$C68*Assumptions!$E$23 -> 1.25 | G68: =$C68*Assumptions!$F$23 -> 1.25 | M68: =$C68*Assumptions!$G$23 -> 31.25 | O68: 2027 pre-transition top-up (1 year) | P68: =MAX(Assumptions!$C$5*Assumptions!$C$12,Q66-(Q67)) -> 25 | Q68: =$P68*Assumptions!$C$21 -> 25 | R68: =$P68*Assumptions!$D$21 -> 0 | S68: =$P68*Assumptions!$E$21 -> 0 | T68: =$P68*Assumptions!$F$21 -> 0 | Z68: =$P68*Assumptions!$G$21 -> 25
B69: 2028 pre-transition top-up | C69: =MAX(Assumptions!$C$5*Assumptions!$C$12,E66-(E67)) -> 25 | E69: =$C69*Assumptions!$C$23 -> 25 | F69: =$C69*Assumptions!$D$23 -> 3.75 | G69: =$C69*Assumptions!$E$23 -> 1.25 | H69: =$C69*Assumptions!$F$23 -> 1.25 | M69: =$C69*Assumptions!$G$23 -> 31.25 | O69: 2028 pre-transition top-up (1 year) | P69: =MAX(Assumptions!$C$5*Assumptions!$C$12,R66-(R67)) -> 25 | R69: =$P69*Assumptions!$C$21 -> 25 | S69: =$P69*Assumptions!$D$21 -> 0 | T69: =$P69*Assumptions!$E$21 -> 0 | U69: =$P69*Assumptions!$F$21 -> 0 | Z69: =$P69*Assumptions!$G$21 -> 25
B70: 2029 pre-transition top-up | C70: =MAX(Assumptions!$C$5*Assumptions!$C$12,F66-(F67)) -> 25 | F70: =$C70*Assumptions!$C$23 -> 25 | G70: =$C70*Assumptions!$D$23 -> 3.75 | H70: =$C70*Assumptions!$E$23 -> 1.25 | I70: =$C70*Assumptions!$F$23 -> 1.25 | M70: =$C70*Assumptions!$G$23 -> 31.25 | O70: 2029 pre-transition top-up (1 year) | P70: =MAX(Assumptions!$C$5*Assumptions!$C$12,S66-(S67)) -> 25 | S70: =$P70*Assumptions!$C$21 -> 25 | T70: =$P70*Assumptions!$D$21 -> 0 | U70: =$P70*Assumptions!$E$21 -> 0 | V70: =$P70*Assumptions!$F$21 -> 0 | Z70: =$P70*Assumptions!$G$21 -> 25
B71: 2030 transition Grant 1 (gap on legacy) | C71: =MAX(Assumptions!$C$5*Assumptions!$C$12,G66-(G67)) -> 75 | G71: =$C71*Assumptions!$C$21 -> 75 | H71: =$C71*Assumptions!$D$21 -> 0 | I71: =$C71*Assumptions!$E$21 -> 0 | J71: =$C71*Assumptions!$F$21 -> 0 | M71: =$C71*Assumptions!$G$21 -> 75 | O71: 2030 transition Grant 1 (gap) | P71: =MAX(Assumptions!$C$5*Assumptions!$C$12,T66-(T67)) -> 75 | T71: =$P71*Assumptions!$C$21 -> 75 | U71: =$P71*Assumptions!$D$21 -> 0 | V71: =$P71*Assumptions!$E$21 -> 0 | W71: =$P71*Assumptions!$F$21 -> 0 | Z71: =$P71*Assumptions!$G$21 -> 75
B72: 2030 transition Grant 2 tail 0/25/10/5 | C72: =Assumptions!$C$5 -> 100 | G72: =$C72*Assumptions!$C$22 -> 0 | H72: =$C72*Assumptions!$D$22 -> 25 | I72: =$C72*Assumptions!$E$22 -> 10 | J72: =$C72*Assumptions!$F$22 -> 5 | M72: =$C72*Assumptions!$G$22 -> 40 | O72: 2031 Refresh grant 100/50 at 125 | P72: =Assumptions!$C$5*Assumptions!$C$6 -> 125 | T72: =$P72*Assumptions!$C$20 -> 0 | U72: =$P72*Assumptions!$D$20 -> 125 | V72: =$P72*Assumptions!$E$20 -> 62.5 | W72: =$P72*Assumptions!$F$20 -> 0 | Z72: =$P72*Assumptions!$G$20 -> 187.5
B73: 2031 refresh 100/15/5/5 | C73: =Assumptions!$C$5 -> 100 | H73: =$C73*Assumptions!$C$17 -> 100 | I73: =$C73*Assumptions!$D$17 -> 15 | J73: =$C73*Assumptions!$E$17 -> 5 | K73: =$C73*Assumptions!$F$17 -> 5 | M73: =$C73*Assumptions!$G$17 -> 125 | O73: 2032 refresh 50/50 | P73: =Assumptions!$C$11*Assumptions!$C$5*Assumptions!$C$6 -> 62.5 | V73: =$P73*Assumptions!$C$18 -> 62.5 | W73: =$P73*Assumptions!$D$18 -> 62.5 | X73: =$P73*Assumptions!$E$18 -> 0 | Y73: =$P73*Assumptions!$F$18 -> 0 | Z73: =$P73*Assumptions!$G$18 -> 125
B74: 2032 refresh 100/15/5/5 | C74: =Assumptions!$C$5 -> 100 | I74: =$C74*Assumptions!$C$17 -> 100 | J74: =$C74*Assumptions!$D$17 -> 15 | K74: =$C74*Assumptions!$E$17 -> 5 | L74: =$C74*Assumptions!$F$17 -> 5 | M74: =$C74*Assumptions!$G$17 -> 125 | O74: 2033 refresh 50/50 | P74: =Assumptions!$C$11*Assumptions!$C$5*Assumptions!$C$6 -> 62.5 | W74: =$P74*Assumptions!$C$18 -> 62.5 | X74: =$P74*Assumptions!$D$18 -> 62.5 | Y74: =$P74*Assumptions!$E$18 -> 0 | Z74: =$P74*Assumptions!$G$18 -> 125
B75: 2033 refresh 100/15/5/5 | C75: =Assumptions!$C$5 -> 100 | J75: =$C75*Assumptions!$C$17 -> 100 | K75: =$C75*Assumptions!$D$17 -> 15 | L75: =$C75*Assumptions!$E$17 -> 5 | M75: =$C75*Assumptions!$G$17 -> 125 | O75: 2034 refresh 50/50 | P75: =Assumptions!$C$11*Assumptions!$C$5*Assumptions!$C$6 -> 62.5 | X75: =$P75*Assumptions!$C$18 -> 62.5 | Y75: =$P75*Assumptions!$D$18 -> 62.5 | Z75: =$P75*Assumptions!$G$18 -> 125
B76: 2034 refresh 100/15/5/5 | C76: =Assumptions!$C$5 -> 100 | K76: =$C76*Assumptions!$C$17 -> 100 | L76: =$C76*Assumptions!$D$17 -> 15 | M76: =$C76*Assumptions!$G$17 -> 125 | O76: 2035 refresh 50/50 | P76: =Assumptions!$C$11*Assumptions!$C$5*Assumptions!$C$6 -> 62.5 | Y76: =$P76*Assumptions!$C$18 -> 62.5 | Z76: =$P76*Assumptions!$G$18 -> 125
B77: 2035 refresh 100/15/5/5 | C77: =Assumptions!$C$5 -> 100 | L77: =$C77*Assumptions!$C$17 -> 100 | M77: =$C77*Assumptions!$G$17 -> 125 | O77: Total annual vest | P77: Total | Q77: =Q67+SUM(Q68:Q76) -> 125 | R77: =R67+SUM(R68:R76) -> 125 | S77: =S67+SUM(S68:S76) -> 125 | T77: =T67+SUM(T68:T76) -> 125 | U77: =U67+SUM(U68:U76) -> 125 | V77: =V67+SUM(V68:V76) -> 125 | W77: =W67+SUM(W68:W76) -> 125 | X77: =X67+SUM(X68:X76) -> 125 | Y77: =Y67+SUM(Y68:Y76) -> 125 | Z77: =SUM(Z68:Z76) -> 837.5
B78: Total annual vest | C78: Total | D78: =D67+SUM(D68:D77) -> 125 | E78: =E67+SUM(E68:E77) -> 128.75 | F78: =F67+SUM(F68:F77) -> 130 | G78: =G67+SUM(G68:G77) -> 131.25 | H78: =H67+SUM(H68:H77) -> 127.5 | I78: =I67+SUM(I68:I77) -> 126.25 | J78: =J67+SUM(J68:J77) -> 125 | K78: =K67+SUM(K68:K77) -> 125 | L78: =L67+SUM(L68:L77) -> 125 | M78: =SUM(M68:M77) -> 833.75 | O78: % of steady-state ceiling | Q78: =Q77/Q66 -> 1 | R78: =R77/R66 -> 1 | S78: =S77/S66 -> 1 | T78: =T77/T66 -> 1 | U78: =U77/U66 -> 1 | V78: =V77/V66 -> 1 | W78: =W77/W66 -> 1 | X78: =X77/X66 -> 1 | Y78: =Y77/Y66 -> 1
B79: % of steady-state ceiling | D79: =D78/D66 -> 1 | E79: =E78/E66 -> 1.03 | F79: =F78/F66 -> 1.04 | G79: =G78/G66 -> 1.05 | H79: =H78/H66 -> 1.02 | I79: =I78/I66 -> 1.01 | J79: =J78/J66 -> 1 | K79: =K78/K66 -> 1 | L79: =L78/L66 -> 1 | O79: Change vs prior year | Q79: =Q77-Assumptions!$C$5 -> 25 | R79: =R77-Q77 -> 0 | S79: =S77-R77 -> 0 | T79: =T77-S77 -> 0 | U79: =U77-T77 -> 0 | V79: =V77-U77 -> 0 | W79: =W77-V77 -> 0 | X79: =X77-W77 -> 0 | Y79: =Y77-X77 -> 0
B80: Change vs prior year | D80: =D78-Assumptions!$C$5 -> 25 | E80: =E78-D78 -> 3.75 | F80: =F78-E78 -> 1.25 | G80: =G78-F78 -> 1.25 | H80: =H78-G78 -> -3.75 | I80: =I78-H78 -> -1.25 | J80: =J78-I78 -> -1.25 | K80: =K78-J78 -> 0 | L80: =L78-K78 -> 0
B84: Persona E hired 2026, 75 of target vesting in the transition year transition year 2030
B85: Option 1 100/15/5/5 | C85: Sizing | D85: 2027 | E85: 2028 | F85: 2029 | G85: 2030 | H85: 2031 | I85: 2032 | J85: 2033 | K85: 2034 | L85: 2035 | M85: Face | O85: Option 2 100/50 and 50/50 | P85: Sizing | Q85: 2027 | R85: 2028 | S85: 2029 | T85: 2030 | U85: 2031 | V85: 2032 | W85: 2033 | X85: 2034 | Y85: 2035 | Z85: Face
B86: Gap target (used only in T and promo years) | D86: =Assumptions!$C$5*Assumptions!$C$6 -> 125 | E86: =Assumptions!$C$5*Assumptions!$C$6 -> 125 | F86: =Assumptions!$C$5*Assumptions!$C$6 -> 125 | G86: =Assumptions!$C$5*Assumptions!$C$6 -> 125 | H86: =Assumptions!$C$5*Assumptions!$C$6 -> 125 | I86: =Assumptions!$C$5*Assumptions!$C$6 -> 125 | J86: =Assumptions!$C$5*Assumptions!$C$6 -> 125 | K86: =Assumptions!$C$5*Assumptions!$C$6 -> 125 | L86: =Assumptions!$C$5*Assumptions!$C$6 -> 125 | O86: Gap target (used only in T and promo years) | Q86: =Assumptions!$C$5*Assumptions!$C$6 -> 125 | R86: =Assumptions!$C$5*Assumptions!$C$6 -> 125 | S86: =Assumptions!$C$5*Assumptions!$C$6 -> 125 | T86: =Assumptions!$C$5*Assumptions!$C$6 -> 125 | U86: =Assumptions!$C$5*Assumptions!$C$6 -> 125 | V86: =Assumptions!$C$5*Assumptions!$C$6 -> 125 | W86: =Assumptions!$C$5*Assumptions!$C$6 -> 125 | X86: =Assumptions!$C$5*Assumptions!$C$6 -> 125 | Y86: =Assumptions!$C$5*Assumptions!$C$6 -> 125
B87: Legacy scheduled vest | D87: 100 | E87: 100 | F87: 100 | G87: 75 | H87: 0 | I87: 0 | J87: 0 | K87: 0 | L87: 0 | O87: Legacy scheduled vest | Q87: 100 | R87: 100 | S87: 100 | T87: 75 | U87: 0 | V87: 0 | W87: 0 | X87: 0 | Y87: 0
B88: 2027 pre-transition top-up | C88: =MAX(Assumptions!$C$5*Assumptions!$C$12,D86-(D87)) -> 25 | D88: =$C88*Assumptions!$C$23 -> 25 | E88: =$C88*Assumptions!$D$23 -> 3.75 | F88: =$C88*Assumptions!$E$23 -> 1.25 | G88: =$C88*Assumptions!$F$23 -> 1.25 | M88: =$C88*Assumptions!$G$23 -> 31.25 | O88: 2027 pre-transition top-up (1 year) | P88: =MAX(Assumptions!$C$5*Assumptions!$C$12,Q86-(Q87)) -> 25 | Q88: =$P88*Assumptions!$C$21 -> 25 | R88: =$P88*Assumptions!$D$21 -> 0 | S88: =$P88*Assumptions!$E$21 -> 0 | T88: =$P88*Assumptions!$F$21 -> 0 | Z88: =$P88*Assumptions!$G$21 -> 25
B89: 2028 pre-transition top-up | C89: =MAX(Assumptions!$C$5*Assumptions!$C$12,E86-(E87)) -> 25 | E89: =$C89*Assumptions!$C$23 -> 25 | F89: =$C89*Assumptions!$D$23 -> 3.75 | G89: =$C89*Assumptions!$E$23 -> 1.25 | H89: =$C89*Assumptions!$F$23 -> 1.25 | M89: =$C89*Assumptions!$G$23 -> 31.25 | O89: 2028 pre-transition top-up (1 year) | P89: =MAX(Assumptions!$C$5*Assumptions!$C$12,R86-(R87)) -> 25 | R89: =$P89*Assumptions!$C$21 -> 25 | S89: =$P89*Assumptions!$D$21 -> 0 | T89: =$P89*Assumptions!$E$21 -> 0 | U89: =$P89*Assumptions!$F$21 -> 0 | Z89: =$P89*Assumptions!$G$21 -> 25
B90: 2029 pre-transition top-up | C90: =MAX(Assumptions!$C$5*Assumptions!$C$12,F86-(F87)) -> 25 | F90: =$C90*Assumptions!$C$23 -> 25 | G90: =$C90*Assumptions!$D$23 -> 3.75 | H90: =$C90*Assumptions!$E$23 -> 1.25 | I90: =$C90*Assumptions!$F$23 -> 1.25 | M90: =$C90*Assumptions!$G$23 -> 31.25 | O90: 2029 pre-transition top-up (1 year) | P90: =MAX(Assumptions!$C$5*Assumptions!$C$12,S86-(S87)) -> 25 | S90: =$P90*Assumptions!$C$21 -> 25 | T90: =$P90*Assumptions!$D$21 -> 0 | U90: =$P90*Assumptions!$E$21 -> 0 | V90: =$P90*Assumptions!$F$21 -> 0 | Z90: =$P90*Assumptions!$G$21 -> 25
B91: 2030 transition Grant 1 (gap on legacy) | C91: =MAX(Assumptions!$C$5*Assumptions!$C$12,G86-(G87)) -> 50 | G91: =$C91*Assumptions!$C$21 -> 50 | H91: =$C91*Assumptions!$D$21 -> 0 | I91: =$C91*Assumptions!$E$21 -> 0 | J91: =$C91*Assumptions!$F$21 -> 0 | M91: =$C91*Assumptions!$G$21 -> 50 | O91: 2030 transition Grant 1 (gap) | P91: =MAX(Assumptions!$C$5*Assumptions!$C$12,T86-(T87)) -> 50 | T91: =$P91*Assumptions!$C$21 -> 50 | U91: =$P91*Assumptions!$D$21 -> 0 | V91: =$P91*Assumptions!$E$21 -> 0 | W91: =$P91*Assumptions!$F$21 -> 0 | Z91: =$P91*Assumptions!$G$21 -> 50
B92: 2030 transition Grant 2 tail 0/25/10/5 | C92: =Assumptions!$C$5 -> 100 | G92: =$C92*Assumptions!$C$22 -> 0 | H92: =$C92*Assumptions!$D$22 -> 25 | I92: =$C92*Assumptions!$E$22 -> 10 | J92: =$C92*Assumptions!$F$22 -> 5 | M92: =$C92*Assumptions!$G$22 -> 40 | O92: 2031 Refresh grant 100/50 at 125 | P92: =Assumptions!$C$5*Assumptions!$C$6 -> 125 | T92: =$P92*Assumptions!$C$20 -> 0 | U92: =$P92*Assumptions!$D$20 -> 125 | V92: =$P92*Assumptions!$E$20 -> 62.5 | W92: =$P92*Assumptions!$F$20 -> 0 | Z92: =$P92*Assumptions!$G$20 -> 187.5
B93: 2031 refresh 100/15/5/5 | C93: =Assumptions!$C$5 -> 100 | H93: =$C93*Assumptions!$C$17 -> 100 | I93: =$C93*Assumptions!$D$17 -> 15 | J93: =$C93*Assumptions!$E$17 -> 5 | K93: =$C93*Assumptions!$F$17 -> 5 | M93: =$C93*Assumptions!$G$17 -> 125 | O93: 2032 refresh 50/50 | P93: =Assumptions!$C$11*Assumptions!$C$5*Assumptions!$C$6 -> 62.5 | V93: =$P93*Assumptions!$C$18 -> 62.5 | W93: =$P93*Assumptions!$D$18 -> 62.5 | X93: =$P93*Assumptions!$E$18 -> 0 | Y93: =$P93*Assumptions!$F$18 -> 0 | Z93: =$P93*Assumptions!$G$18 -> 125
B94: 2032 refresh 100/15/5/5 | C94: =Assumptions!$C$5 -> 100 | I94: =$C94*Assumptions!$C$17 -> 100 | J94: =$C94*Assumptions!$D$17 -> 15 | K94: =$C94*Assumptions!$E$17 -> 5 | L94: =$C94*Assumptions!$F$17 -> 5 | M94: =$C94*Assumptions!$G$17 -> 125 | O94: 2033 refresh 50/50 | P94: =Assumptions!$C$11*Assumptions!$C$5*Assumptions!$C$6 -> 62.5 | W94: =$P94*Assumptions!$C$18 -> 62.5 | X94: =$P94*Assumptions!$D$18 -> 62.5 | Y94: =$P94*Assumptions!$E$18 -> 0 | Z94: =$P94*Assumptions!$G$18 -> 125
B95: 2033 refresh 100/15/5/5 | C95: =Assumptions!$C$5 -> 100 | J95: =$C95*Assumptions!$C$17 -> 100 | K95: =$C95*Assumptions!$D$17 -> 15 | L95: =$C95*Assumptions!$E$17 -> 5 | M95: =$C95*Assumptions!$G$17 -> 125 | O95: 2034 refresh 50/50 | P95: =Assumptions!$C$11*Assumptions!$C$5*Assumptions!$C$6 -> 62.5 | X95: =$P95*Assumptions!$C$18 -> 62.5 | Y95: =$P95*Assumptions!$D$18 -> 62.5 | Z95: =$P95*Assumptions!$G$18 -> 125
B96: 2034 refresh 100/15/5/5 | C96: =Assumptions!$C$5 -> 100 | K96: =$C96*Assumptions!$C$17 -> 100 | L96: =$C96*Assumptions!$D$17 -> 15 | M96: =$C96*Assumptions!$G$17 -> 125 | O96: 2035 refresh 50/50 | P96: =Assumptions!$C$11*Assumptions!$C$5*Assumptions!$C$6 -> 62.5 | Y96: =$P96*Assumptions!$C$18 -> 62.5 | Z96: =$P96*Assumptions!$G$18 -> 125
B97: 2035 refresh 100/15/5/5 | C97: =Assumptions!$C$5 -> 100 | L97: =$C97*Assumptions!$C$17 -> 100 | M97: =$C97*Assumptions!$G$17 -> 125 | O97: Total annual vest | P97: Total | Q97: =Q87+SUM(Q88:Q96) -> 125 | R97: =R87+SUM(R88:R96) -> 125 | S97: =S87+SUM(S88:S96) -> 125 | T97: =T87+SUM(T88:T96) -> 125 | U97: =U87+SUM(U88:U96) -> 125 | V97: =V87+SUM(V88:V96) -> 125 | W97: =W87+SUM(W88:W96) -> 125 | X97: =X87+SUM(X88:X96) -> 125 | Y97: =Y87+SUM(Y88:Y96) -> 125 | Z97: =SUM(Z88:Z96) -> 812.5
B98: Total annual vest | C98: Total | D98: =D87+SUM(D88:D97) -> 125 | E98: =E87+SUM(E88:E97) -> 128.75 | F98: =F87+SUM(F88:F97) -> 130 | G98: =G87+SUM(G88:G97) -> 131.25 | H98: =H87+SUM(H88:H97) -> 127.5 | I98: =I87+SUM(I88:I97) -> 126.25 | J98: =J87+SUM(J88:J97) -> 125 | K98: =K87+SUM(K88:K97) -> 125 | L98: =L87+SUM(L88:L97) -> 125 | M98: =SUM(M88:M97) -> 808.75 | O98: % of steady-state ceiling | Q98: =Q97/Q86 -> 1 | R98: =R97/R86 -> 1 | S98: =S97/S86 -> 1 | T98: =T97/T86 -> 1 | U98: =U97/U86 -> 1 | V98: =V97/V86 -> 1 | W98: =W97/W86 -> 1 | X98: =X97/X86 -> 1 | Y98: =Y97/Y86 -> 1
B99: % of steady-state ceiling | D99: =D98/D86 -> 1 | E99: =E98/E86 -> 1.03 | F99: =F98/F86 -> 1.04 | G99: =G98/G86 -> 1.05 | H99: =H98/H86 -> 1.02 | I99: =I98/I86 -> 1.01 | J99: =J98/J86 -> 1 | K99: =K98/K86 -> 1 | L99: =L98/L86 -> 1 | O99: Change vs prior year | Q99: =Q97-Assumptions!$C$5 -> 25 | R99: =R97-Q97 -> 0 | S99: =S97-R97 -> 0 | T99: =T97-S97 -> 0 | U99: =U97-T97 -> 0 | V99: =V97-U97 -> 0 | W99: =W97-V97 -> 0 | X99: =X97-W97 -> 0 | Y99: =Y97-X97 -> 0
B100: Change vs prior year | D100: =D98-Assumptions!$C$5 -> 25 | E100: =E98-D98 -> 3.75 | F100: =F98-E98 -> 1.25 | G100: =G98-F98 -> 1.25 | H100: =H98-G98 -> -3.75 | I100: =I98-H98 -> -1.25 | J100: =J98-I98 -> -1.25 | K100: =K98-J98 -> 0 | L100: =L98-K98 -> 0
B104: Persona F hired 2023, 50 of target vesting in the transition year transition year 2027
B105: Option 1 100/15/5/5 | C105: Sizing | D105: 2027 | E105: 2028 | F105: 2029 | G105: 2030 | H105: 2031 | I105: 2032 | J105: 2033 | K105: 2034 | L105: 2035 | M105: Face | O105: Option 2 100/50 and 50/50 | P105: Sizing | Q105: 2027 | R105: 2028 | S105: 2029 | T105: 2030 | U105: 2031 | V105: 2032 | W105: 2033 | X105: 2034 | Y105: 2035 | Z105: Face
B106: Gap target (used only in T and promo years) | D106: =Assumptions!$C$5*Assumptions!$C$6 -> 125 | E106: =Assumptions!$C$5*Assumptions!$C$6 -> 125 | F106: =Assumptions!$C$5*Assumptions!$C$6 -> 125 | G106: =Assumptions!$C$5*Assumptions!$C$6 -> 125 | H106: =Assumptions!$C$5*Assumptions!$C$6 -> 125 | I106: =Assumptions!$C$5*Assumptions!$C$6 -> 125 | J106: =Assumptions!$C$5*Assumptions!$C$6 -> 125 | K106: =Assumptions!$C$5*Assumptions!$C$6 -> 125 | L106: =Assumptions!$C$5*Assumptions!$C$6 -> 125 | O106: Gap target (used only in T and promo years) | Q106: =Assumptions!$C$5*Assumptions!$C$6 -> 125 | R106: =Assumptions!$C$5*Assumptions!$C$6 -> 125 | S106: =Assumptions!$C$5*Assumptions!$C$6 -> 125 | T106: =Assumptions!$C$5*Assumptions!$C$6 -> 125 | U106: =Assumptions!$C$5*Assumptions!$C$6 -> 125 | V106: =Assumptions!$C$5*Assumptions!$C$6 -> 125 | W106: =Assumptions!$C$5*Assumptions!$C$6 -> 125 | X106: =Assumptions!$C$5*Assumptions!$C$6 -> 125 | Y106: =Assumptions!$C$5*Assumptions!$C$6 -> 125
B107: Legacy scheduled vest | D107: 50 | E107: 0 | F107: 0 | G107: 0 | H107: 0 | I107: 0 | J107: 0 | K107: 0 | L107: 0 | O107: Legacy scheduled vest | Q107: 50 | R107: 0 | S107: 0 | T107: 0 | U107: 0 | V107: 0 | W107: 0 | X107: 0 | Y107: 0
B108: 2027 transition Grant 1 (gap on legacy) | C108: =MAX(Assumptions!$C$5*Assumptions!$C$12,D106-(D107)) -> 75 | D108: =$C108*Assumptions!$C$21 -> 75 | E108: =$C108*Assumptions!$D$21 -> 0 | F108: =$C108*Assumptions!$E$21 -> 0 | G108: =$C108*Assumptions!$F$21 -> 0 | M108: =$C108*Assumptions!$G$21 -> 75 | O108: 2027 transition Grant 1 (gap) | P108: =MAX(Assumptions!$C$5*Assumptions!$C$12,Q106-(Q107)) -> 75 | Q108: =$P108*Assumptions!$C$21 -> 75 | R108: =$P108*Assumptions!$D$21 -> 0 | S108: =$P108*Assumptions!$E$21 -> 0 | T108: =$P108*Assumptions!$F$21 -> 0 | Z108: =$P108*Assumptions!$G$21 -> 75
B109: 2027 transition Grant 2 tail 0/25/10/5 | C109: =Assumptions!$C$5 -> 100 | D109: =$C109*Assumptions!$C$22 -> 0 | E109: =$C109*Assumptions!$D$22 -> 25 | F109: =$C109*Assumptions!$E$22 -> 10 | G109: =$C109*Assumptions!$F$22 -> 5 | M109: =$C109*Assumptions!$G$22 -> 40 | O109: 2028 Refresh grant 100/50 at 125 | P109: =Assumptions!$C$5*Assumptions!$C$6 -> 125 | Q109: =$P109*Assumptions!$C$20 -> 0 | R109: =$P109*Assumptions!$D$20 -> 125 | S109: =$P109*Assumptions!$E$20 -> 62.5 | T109: =$P109*Assumptions!$F$20 -> 0 | Z109: =$P109*Assumptions!$G$20 -> 187.5
B110: 2028 refresh 100/15/5/5 | C110: =Assumptions!$C$5 -> 100 | E110: =$C110*Assumptions!$C$17 -> 100 | F110: =$C110*Assumptions!$D$17 -> 15 | G110: =$C110*Assumptions!$E$17 -> 5 | H110: =$C110*Assumptions!$F$17 -> 5 | M110: =$C110*Assumptions!$G$17 -> 125 | O110: 2029 refresh 50/50 | P110: =Assumptions!$C$11*Assumptions!$C$5*Assumptions!$C$6 -> 62.5 | S110: =$P110*Assumptions!$C$18 -> 62.5 | T110: =$P110*Assumptions!$D$18 -> 62.5 | U110: =$P110*Assumptions!$E$18 -> 0 | V110: =$P110*Assumptions!$F$18 -> 0 | Z110: =$P110*Assumptions!$G$18 -> 125
B111: 2029 refresh 100/15/5/5 | C111: =Assumptions!$C$5 -> 100 | F111: =$C111*Assumptions!$C$17 -> 100 | G111: =$C111*Assumptions!$D$17 -> 15 | H111: =$C111*Assumptions!$E$17 -> 5 | I111: =$C111*Assumptions!$F$17 -> 5 | M111: =$C111*Assumptions!$G$17 -> 125 | O111: 2030 refresh 50/50 | P111: =Assumptions!$C$11*Assumptions!$C$5*Assumptions!$C$6 -> 62.5 | T111: =$P111*Assumptions!$C$18 -> 62.5 | U111: =$P111*Assumptions!$D$18 -> 62.5 | V111: =$P111*Assumptions!$E$18 -> 0 | W111: =$P111*Assumptions!$F$18 -> 0 | Z111: =$P111*Assumptions!$G$18 -> 125
B112: 2030 refresh 100/15/5/5 | C112: =Assumptions!$C$5 -> 100 | G112: =$C112*Assumptions!$C$17 -> 100 | H112: =$C112*Assumptions!$D$17 -> 15 | I112: =$C112*Assumptions!$E$17 -> 5 | J112: =$C112*Assumptions!$F$17 -> 5 | M112: =$C112*Assumptions!$G$17 -> 125 | O112: 2031 refresh 50/50 | P112: =Assumptions!$C$11*Assumptions!$C$5*Assumptions!$C$6 -> 62.5 | U112: =$P112*Assumptions!$C$18 -> 62.5 | V112: =$P112*Assumptions!$D$18 -> 62.5 | W112: =$P112*Assumptions!$E$18 -> 0 | X112: =$P112*Assumptions!$F$18 -> 0 | Z112: =$P112*Assumptions!$G$18 -> 125
B113: 2031 refresh 100/15/5/5 | C113: =Assumptions!$C$5 -> 100 | H113: =$C113*Assumptions!$C$17 -> 100 | I113: =$C113*Assumptions!$D$17 -> 15 | J113: =$C113*Assumptions!$E$17 -> 5 | K113: =$C113*Assumptions!$F$17 -> 5 | M113: =$C113*Assumptions!$G$17 -> 125 | O113: 2032 refresh 50/50 | P113: =Assumptions!$C$11*Assumptions!$C$5*Assumptions!$C$6 -> 62.5 | V113: =$P113*Assumptions!$C$18 -> 62.5 | W113: =$P113*Assumptions!$D$18 -> 62.5 | X113: =$P113*Assumptions!$E$18 -> 0 | Y113: =$P113*Assumptions!$F$18 -> 0 | Z113: =$P113*Assumptions!$G$18 -> 125
B114: 2032 refresh 100/15/5/5 | C114: =Assumptions!$C$5 -> 100 | I114: =$C114*Assumptions!$C$17 -> 100 | J114: =$C114*Assumptions!$D$17 -> 15 | K114: =$C114*Assumptions!$E$17 -> 5 | L114: =$C114*Assumptions!$F$17 -> 5 | M114: =$C114*Assumptions!$G$17 -> 125 | O114: 2033 refresh 50/50 | P114: =Assumptions!$C$11*Assumptions!$C$5*Assumptions!$C$6 -> 62.5 | W114: =$P114*Assumptions!$C$18 -> 62.5 | X114: =$P114*Assumptions!$D$18 -> 62.5 | Y114: =$P114*Assumptions!$E$18 -> 0 | Z114: =$P114*Assumptions!$G$18 -> 125
B115: 2033 refresh 100/15/5/5 | C115: =Assumptions!$C$5 -> 100 | J115: =$C115*Assumptions!$C$17 -> 100 | K115: =$C115*Assumptions!$D$17 -> 15 | L115: =$C115*Assumptions!$E$17 -> 5 | M115: =$C115*Assumptions!$G$17 -> 125 | O115: 2034 refresh 50/50 | P115: =Assumptions!$C$11*Assumptions!$C$5*Assumptions!$C$6 -> 62.5 | X115: =$P115*Assumptions!$C$18 -> 62.5 | Y115: =$P115*Assumptions!$D$18 -> 62.5 | Z115: =$P115*Assumptions!$G$18 -> 125
B116: 2034 refresh 100/15/5/5 | C116: =Assumptions!$C$5 -> 100 | K116: =$C116*Assumptions!$C$17 -> 100 | L116: =$C116*Assumptions!$D$17 -> 15 | M116: =$C116*Assumptions!$G$17 -> 125 | O116: 2035 refresh 50/50 | P116: =Assumptions!$C$11*Assumptions!$C$5*Assumptions!$C$6 -> 62.5 | Y116: =$P116*Assumptions!$C$18 -> 62.5 | Z116: =$P116*Assumptions!$G$18 -> 125
B117: 2035 refresh 100/15/5/5 | C117: =Assumptions!$C$5 -> 100 | L117: =$C117*Assumptions!$C$17 -> 100 | M117: =$C117*Assumptions!$G$17 -> 125 | O117: Total annual vest | P117: Total | Q117: =Q107+SUM(Q108:Q116) -> 125 | R117: =R107+SUM(R108:R116) -> 125 | S117: =S107+SUM(S108:S116) -> 125 | T117: =T107+SUM(T108:T116) -> 125 | U117: =U107+SUM(U108:U116) -> 125 | V117: =V107+SUM(V108:V116) -> 125 | W117: =W107+SUM(W108:W116) -> 125 | X117: =X107+SUM(X108:X116) -> 125 | Y117: =Y107+SUM(Y108:Y116) -> 125 | Z117: =SUM(Z108:Z116) -> 1137.5
...

Sheet Promo in T
B2: Scenario: Promo in T
B3: Grants in rows, years in columns. Option 1 left, Option 2 right. Index: annual LTI target = 100.
B5: Persona A new hire 2027, no legacy grant transition year 2027
B6: Option 1 100/15/5/5 | C6: Sizing | D6: 2027 | E6: 2028 | F6: 2029 | G6: 2030 | H6: 2031 | I6: 2032 | J6: 2033 | K6: 2034 | L6: 2035 | M6: Face | O6: Option 2 100/50 and 50/50 | P6: Sizing | Q6: 2027 | R6: 2028 | S6: 2029 | T6: 2030 | U6: 2031 | V6: 2032 | W6: 2033 | X6: 2034 | Y6: 2035 | Z6: Face
B7: Gap target (used only in T and promo years) | D7: =Assumptions!$C$5*Assumptions!$C$6 -> 125 | E7: =Assumptions!$C$5*Assumptions!$C$6 -> 125 | F7: =Assumptions!$C$5*Assumptions!$C$8 -> 200 | G7: =Assumptions!$C$5*Assumptions!$C$6 -> 125 | H7: =Assumptions!$C$5*Assumptions!$C$6 -> 125 | I7: =Assumptions!$C$5*Assumptions!$C$6 -> 125 | J7: =Assumptions!$C$5*Assumptions!$C$6 -> 125 | K7: =Assumptions!$C$5*Assumptions!$C$6 -> 125 | L7: =Assumptions!$C$5*Assumptions!$C$6 -> 125 | O7: Gap target (used only in T and promo years) | Q7: =Assumptions!$C$5*Assumptions!$C$6 -> 125 | R7: =Assumptions!$C$5*Assumptions!$C$6 -> 125 | S7: =Assumptions!$C$10 -> 230 | T7: =Assumptions!$C$5*Assumptions!$C$6 -> 125 | U7: =Assumptions!$C$5*Assumptions!$C$6 -> 125 | V7: =Assumptions!$C$5*Assumptions!$C$6 -> 125 | W7: =Assumptions!$C$5*Assumptions!$C$6 -> 125 | X7: =Assumptions!$C$5*Assumptions!$C$6 -> 125 | Y7: =Assumptions!$C$5*Assumptions!$C$6 -> 125
B8: Legacy scheduled vest | D8: 0 | E8: 0 | F8: 0 | G8: 0 | H8: 0 | I8: 0 | J8: 0 | K8: 0 | L8: 0 | O8: Legacy scheduled vest | Q8: 0 | R8: 0 | S8: 0 | T8: 0 | U8: 0 | V8: 0 | W8: 0 | X8: 0 | Y8: 0
B9: 2027 new hire 100/15/5/5 | C9: =Assumptions!$C$5 -> 100 | D9: =$C9*Assumptions!$C$17 -> 100 | E9: =$C9*Assumptions!$D$17 -> 15 | F9: =$C9*Assumptions!$E$17 -> 5 | G9: =$C9*Assumptions!$F$17 -> 5 | M9: =$C9*Assumptions!$G$17 -> 125 | O9: 2027 new hire 100/50 at 1.15x | P9: =Assumptions!$C$5*Assumptions!$C$9 -> 115 | Q9: =$P9*Assumptions!$C$19 -> 115 | R9: =$P9*Assumptions!$D$19 -> 57.5 | S9: =$P9*Assumptions!$E$19 -> 0 | T9: =$P9*Assumptions!$F$19 -> 0 | Z9: =$P9*Assumptions!$G$19 -> 172.5
B10: 2028 refresh 100/15/5/5 | C10: =Assumptions!$C$5 -> 100 | E10: =$C10*Assumptions!$C$17 -> 100 | F10: =$C10*Assumptions!$D$17 -> 15 | G10: =$C10*Assumptions!$E$17 -> 5 | H10: =$C10*Assumptions!$F$17 -> 5 | M10: =$C10*Assumptions!$G$17 -> 125 | O10: 2028 refresh 50/50 at 115 | P10: =Assumptions!$C$11*Assumptions!$C$5*Assumptions!$C$9 -> 57.5 | R10: =$P10*Assumptions!$C$18 -> 57.5 | S10: =$P10*Assumptions!$D$18 -> 57.5 | T10: =$P10*Assumptions!$E$18 -> 0 | U10: =$P10*Assumptions!$F$18 -> 0 | Z10: =$P10*Assumptions!$G$18 -> 115
B11: 2029 promo 100/15/5/5 | C11: =MAX(0,F7-(F8)) -> 200 | F11: =$C11*Assumptions!$C$17 -> 200 | G11: =$C11*Assumptions!$D$17 -> 30 | H11: =$C11*Assumptions!$E$17 -> 10 | I11: =$C11*Assumptions!$F$17 -> 10 | M11: =$C11*Assumptions!$G$17 -> 250 | O11: 2029 promo one-year (gap to 230) | P11: =MAX(0,S7-(S8+SUM(S9:S10))) -> 172.5 | S11: =$P11*Assumptions!$C$21 -> 172.5 | T11: =$P11*Assumptions!$D$21 -> 0 | U11: =$P11*Assumptions!$E$21 -> 0 | V11: =$P11*Assumptions!$F$21 -> 0 | Z11: =$P11*Assumptions!$G$21 -> 172.5
B12: 2030 refresh 200/30/10/10 | C12: =Assumptions!$C$5*Assumptions!$C$8 -> 200 | G12: =$C12*Assumptions!$C$17 -> 200 | H12: =$C12*Assumptions!$D$17 -> 30 | I12: =$C12*Assumptions!$E$17 -> 10 | J12: =$C12*Assumptions!$F$17 -> 10 | M12: =$C12*Assumptions!$G$17 -> 250 | O12: 2030 post-promo 100/50 at 230 | P12: =Assumptions!$C$10 -> 230 | T12: =$P12*Assumptions!$C$19 -> 230 | U12: =$P12*Assumptions!$D$19 -> 115 | V12: =$P12*Assumptions!$E$19 -> 0 | W12: =$P12*Assumptions!$F$19 -> 0 | Z12: =$P12*Assumptions!$G$19 -> 345
B13: 2031 refresh 200/30/10/10 | C13: =Assumptions!$C$5*Assumptions!$C$8 -> 200 | H13: =$C13*Assumptions!$C$17 -> 200 | I13: =$C13*Assumptions!$D$17 -> 30 | J13: =$C13*Assumptions!$E$17 -> 10 | K13: =$C13*Assumptions!$F$17 -> 10 | M13: =$C13*Assumptions!$G$17 -> 250 | O13: 2031 refresh 50/50 at 230 | P13: =Assumptions!$C$11*Assumptions!$C$10 -> 115 | U13: =$P13*Assumptions!$C$18 -> 115 | V13: =$P13*Assumptions!$D$18 -> 115 | W13: =$P13*Assumptions!$E$18 -> 0 | X13: =$P13*Assumptions!$F$18 -> 0 | Z13: =$P13*Assumptions!$G$18 -> 230
B14: 2032 refresh 200/30/10/10 | C14: =Assumptions!$C$5*Assumptions!$C$8 -> 200 | I14: =$C14*Assumptions!$C$17 -> 200 | J14: =$C14*Assumptions!$D$17 -> 30 | K14: =$C14*Assumptions!$E$17 -> 10 | L14: =$C14*Assumptions!$F$17 -> 10 | M14: =$C14*Assumptions!$G$17 -> 250 | O14: 2032 refresh 50/50 at 230 | P14: =Assumptions!$C$11*Assumptions!$C$10 -> 115 | V14: =$P14*Assumptions!$C$18 -> 115 | W14: =$P14*Assumptions!$D$18 -> 115 | X14: =$P14*Assumptions!$E$18 -> 0 | Y14: =$P14*Assumptions!$F$18 -> 0 | Z14: =$P14*Assumptions!$G$18 -> 230
B15: 2033 refresh 200/30/10/10 | C15: =Assumptions!$C$5*Assumptions!$C$8 -> 200 | J15: =$C15*Assumptions!$C$17 -> 200 | K15: =$C15*Assumptions!$D$17 -> 30 | L15: =$C15*Assumptions!$E$17 -> 10 | M15: =$C15*Assumptions!$G$17 -> 250 | O15: 2033 refresh 50/50 at 230 | P15: =Assumptions!$C$11*Assumptions!$C$10 -> 115 | W15: =$P15*Assumptions!$C$18 -> 115 | X15: =$P15*Assumptions!$D$18 -> 115 | Y15: =$P15*Assumptions!$E$18 -> 0 | Z15: =$P15*Assumptions!$G$18 -> 230
B16: 2034 refresh 200/30/10/10 | C16: =Assumptions!$C$5*Assumptions!$C$8 -> 200 | K16: =$C16*Assumptions!$C$17 -> 200 | L16: =$C16*Assumptions!$D$17 -> 30 | M16: =$C16*Assumptions!$G$17 -> 250 | O16: 2034 refresh 50/50 at 230 | P16: =Assumptions!$C$11*Assumptions!$C$10 -> 115 | X16: =$P16*Assumptions!$C$18 -> 115 | Y16: =$P16*Assumptions!$D$18 -> 115 | Z16: =$P16*Assumptions!$G$18 -> 230
B17: 2035 refresh 200/30/10/10 | C17: =Assumptions!$C$5*Assumptions!$C$8 -> 200 | L17: =$C17*Assumptions!$C$17 -> 200 | M17: =$C17*Assumptions!$G$17 -> 250 | O17: 2035 refresh 50/50 at 230 | P17: =Assumptions!$C$11*Assumptions!$C$10 -> 115 | Y17: =$P17*Assumptions!$C$18 -> 115 | Z17: =$P17*Assumptions!$G$18 -> 230
B18: Total annual vest | C18: Total | D18: =D8+SUM(D9:D17) -> 100 | E18: =E8+SUM(E9:E17) -> 115 | F18: =F8+SUM(F9:F17) -> 220 | G18: =G8+SUM(G9:G17) -> 240 | H18: =H8+SUM(H9:H17) -> 245 | I18: =I8+SUM(I9:I17) -> 250 | J18: =J8+SUM(J9:J17) -> 250 | K18: =K8+SUM(K9:K17) -> 250 | L18: =L8+SUM(L9:L17) -> 250 | M18: =SUM(M9:M17) -> 2000 | O18: Total annual vest | P18: Total | Q18: =Q8+SUM(Q9:Q17) -> 115 | R18: =R8+SUM(R9:R17) -> 115 | S18: =S8+SUM(S9:S17) -> 230 | T18: =T8+SUM(T9:T17) -> 230 | U18: =U8+SUM(U9:U17) -> 230 | V18: =V8+SUM(V9:V17) -> 230 | W18: =W8+SUM(W9:W17) -> 230 | X18: =X8+SUM(X9:X17) -> 230 | Y18: =Y8+SUM(Y9:Y17) -> 230 | Z18: =SUM(Z9:Z17) -> 1955
B19: % of steady-state ceiling | D19: =D18/D7 -> 0.8 | E19: =E18/E7 -> 0.92 | F19: =F18/F7 -> 1.1 | G19: =G18/G7 -> 1.92 | H19: =H18/H7 -> 1.96 | I19: =I18/I7 -> 2 | J19: =J18/J7 -> 2 | K19: =K18/K7 -> 2 | L19: =L18/L7 -> 2 | O19: % of steady-state ceiling | Q19: =Q18/Q7 -> 0.92 | R19: =R18/R7 -> 0.92 | S19: =S18/S7 -> 1 | T19: =T18/T7 -> 1.84 | U19: =U18/U7 -> 1.84 | V19: =V18/V7 -> 1.84 | W19: =W18/W7 -> 1.84 | X19: =X18/X7 -> 1.84 | Y19: =Y18/Y7 -> 1.84
B20: Change vs prior year | D20: =D18-Assumptions!$C$5 -> 0 | E20: =E18-D18 -> 15 | F20: =F18-E18 -> 105 | G20: =G18-F18 -> 20 | H20: =H18-G18 -> 5 | I20: =I18-H18 -> 5 | J20: =J18-I18 -> 0 | K20: =K18-J18 -> 0 | L20: =L18-K18 -> 0 | O20: Change vs prior year | Q20: =Q18-Assumptions!$C$5 -> 15 | R20: =R18-Q18 -> 0 | S20: =S18-R18 -> 115 | T20: =T18-S18 -> 0 | U20: =U18-T18 -> 0 | V20: =V18-U18 -> 0 | W20: =W18-V18 -> 0 | X20: =X18-W18 -> 0 | Y20: =Y18-X18 -> 0
B24: Persona B hired 2026, 0 of target vesting in the transition year transition year 2030
B25: Option 1 100/15/5/5 | C25: Sizing | D25: 2027 | E25: 2028 | F25: 2029 | G25: 2030 | H25: 2031 | I25: 2032 | J25: 2033 | K25: 2034 | L25: 2035 | M25: Face | O25: Option 2 100/50 and 50/50 | P25: Sizing | Q25: 2027 | R25: 2028 | S25: 2029 | T25: 2030 | U25: 2031 | V25: 2032 | W25: 2033 | X25: 2034 | Y25: 2035 | Z25: Face
B26: Gap target (used only in T and promo years) | D26: =Assumptions!$C$5*Assumptions!$C$6 -> 125 | E26: =Assumptions!$C$5*Assumptions!$C$6 -> 125 | F26: =Assumptions!$C$5*Assumptions!$C$6 -> 125 | G26: =Assumptions!$C$5*Assumptions!$C$8 -> 200 | H26: =Assumptions!$C$5*Assumptions!$C$6 -> 125 | I26: =Assumptions!$C$5*Assumptions!$C$6 -> 125 | J26: =Assumptions!$C$5*Assumptions!$C$6 -> 125 | K26: =Assumptions!$C$5*Assumptions!$C$6 -> 125 | L26: =Assumptions!$C$5*Assumptions!$C$6 -> 125 | O26: Gap target (used only in T and promo years) | Q26: =Assumptions!$C$5*Assumptions!$C$6 -> 125 | R26: =Assumptions!$C$5*Assumptions!$C$6 -> 125 | S26: =Assumptions!$C$5*Assumptions!$C$6 -> 125 | T26: =Assumptions!$C$10 -> 230 | U26: =Assumptions!$C$5*Assumptions!$C$6 -> 125 | V26: =Assumptions!$C$5*Assumptions!$C$6 -> 125 | W26: =Assumptions!$C$5*Assumptions!$C$6 -> 125 | X26: =Assumptions!$C$5*Assumptions!$C$6 -> 125 | Y26: =Assumptions!$C$5*Assumptions!$C$6 -> 125
B27: Legacy scheduled vest | D27: 100 | E27: 100 | F27: 100 | G27: 0 | H27: 0 | I27: 0 | J27: 0 | K27: 0 | L27: 0 | O27: Legacy scheduled vest | Q27: 100 | R27: 100 | S27: 100 | T27: 0 | U27: 0 | V27: 0 | W27: 0 | X27: 0 | Y27: 0
B28: 2027 pre-transition top-up | C28: =MAX(Assumptions!$C$5*Assumptions!$C$12,D26-(D27)) -> 25 | D28: =$C28*Assumptions!$C$23 -> 25 | E28: =$C28*Assumptions!$D$23 -> 3.75 | F28: =$C28*Assumptions!$E$23 -> 1.25 | G28: =$C28*Assumptions!$F$23 -> 1.25 | M28: =$C28*Assumptions!$G$23 -> 31.25 | O28: 2027 pre-transition top-up (1 year) | P28: =MAX(Assumptions!$C$5*Assumptions!$C$12,Q26-(Q27)) -> 25 | Q28: =$P28*Assumptions!$C$21 -> 25 | R28: =$P28*Assumptions!$D$21 -> 0 | S28: =$P28*Assumptions!$E$21 -> 0 | T28: =$P28*Assumptions!$F$21 -> 0 | Z28: =$P28*Assumptions!$G$21 -> 25
B29: 2028 pre-transition top-up | C29: =MAX(Assumptions!$C$5*Assumptions!$C$12,E26-(E27)) -> 25 | E29: =$C29*Assumptions!$C$23 -> 25 | F29: =$C29*Assumptions!$D$23 -> 3.75 | G29: =$C29*Assumptions!$E$23 -> 1.25 | H29: =$C29*Assumptions!$F$23 -> 1.25 | M29: =$C29*Assumptions!$G$23 -> 31.25 | O29: 2028 pre-transition top-up (1 year) | P29: =MAX(Assumptions!$C$5*Assumptions!$C$12,R26-(R27)) -> 25 | R29: =$P29*Assumptions!$C$21 -> 25 | S29: =$P29*Assumptions!$D$21 -> 0 | T29: =$P29*Assumptions!$E$21 -> 0 | U29: =$P29*Assumptions!$F$21 -> 0 | Z29: =$P29*Assumptions!$G$21 -> 25
B30: 2029 pre-transition top-up | C30: =MAX(Assumptions!$C$5*Assumptions!$C$12,F26-(F27)) -> 25 | F30: =$C30*Assumptions!$C$23 -> 25 | G30: =$C30*Assumptions!$D$23 -> 3.75 | H30: =$C30*Assumptions!$E$23 -> 1.25 | I30: =$C30*Assumptions!$F$23 -> 1.25 | M30: =$C30*Assumptions!$G$23 -> 31.25 | O30: 2029 pre-transition top-up (1 year) | P30: =MAX(Assumptions!$C$5*Assumptions!$C$12,S26-(S27)) -> 25 | S30: =$P30*Assumptions!$C$21 -> 25 | T30: =$P30*Assumptions!$D$21 -> 0 | U30: =$P30*Assumptions!$E$21 -> 0 | V30: =$P30*Assumptions!$F$21 -> 0 | Z30: =$P30*Assumptions!$G$21 -> 25
B31: 2030 promo grant (gap to 200) | C31: =MAX(Assumptions!$C$5*Assumptions!$C$12,G26-(G27)) -> 200 | G31: =$C31*Assumptions!$C$23 -> 200 | H31: =$C31*Assumptions!$D$23 -> 30 | I31: =$C31*Assumptions!$E$23 -> 10 | J31: =$C31*Assumptions!$F$23 -> 10 | M31: =$C31*Assumptions!$G$23 -> 250 | O31: 2030 transition 100/50 at 230 | P31: =Assumptions!$C$10 -> 230 | T31: =$P31*Assumptions!$C$19 -> 230 | U31: =$P31*Assumptions!$D$19 -> 115 | V31: =$P31*Assumptions!$E$19 -> 0 | W31: =$P31*Assumptions!$F$19 -> 0 | Z31: =$P31*Assumptions!$G$19 -> 345
B32: 2031 refresh 200/30/10/10 | C32: =Assumptions!$C$5*Assumptions!$C$8 -> 200 | H32: =$C32*Assumptions!$C$17 -> 200 | I32: =$C32*Assumptions!$D$17 -> 30 | J32: =$C32*Assumptions!$E$17 -> 10 | K32: =$C32*Assumptions!$F$17 -> 10 | M32: =$C32*Assumptions!$G$17 -> 250 | O32: 2031 refresh 50/50 at 230 | P32: =Assumptions!$C$11*Assumptions!$C$10 -> 115 | U32: =$P32*Assumptions!$C$18 -> 115 | V32: =$P32*Assumptions!$D$18 -> 115 | W32: =$P32*Assumptions!$E$18 -> 0 | X32: =$P32*Assumptions!$F$18 -> 0 | Z32: =$P32*Assumptions!$G$18 -> 230
B33: 2032 refresh 200/30/10/10 | C33: =Assumptions!$C$5*Assumptions!$C$8 -> 200 | I33: =$C33*Assumptions!$C$17 -> 200 | J33: =$C33*Assumptions!$D$17 -> 30 | K33: =$C33*Assumptions!$E$17 -> 10 | L33: =$C33*Assumptions!$F$17 -> 10 | M33: =$C33*Assumptions!$G$17 -> 250 | O33: 2032 refresh 50/50 at 230 | P33: =Assumptions!$C$11*Assumptions!$C$10 -> 115 | V33: =$P33*Assumptions!$C$18 -> 115 | W33: =$P33*Assumptions!$D$18 -> 115 | X33: =$P33*Assumptions!$E$18 -> 0 | Y33: =$P33*Assumptions!$F$18 -> 0 | Z33: =$P33*Assumptions!$G$18 -> 230
B34: 2033 refresh 200/30/10/10 | C34: =Assumptions!$C$5*Assumptions!$C$8 -> 200 | J34: =$C34*Assumptions!$C$17 -> 200 | K34: =$C34*Assumptions!$D$17 -> 30 | L34: =$C34*Assumptions!$E$17 -> 10 | M34: =$C34*Assumptions!$G$17 -> 250 | O34: 2033 refresh 50/50 at 230 | P34: =Assumptions!$C$11*Assumptions!$C$10 -> 115 | W34: =$P34*Assumptions!$C$18 -> 115 | X34: =$P34*Assumptions!$D$18 -> 115 | Y34: =$P34*Assumptions!$E$18 -> 0 | Z34: =$P34*Assumptions!$G$18 -> 230
B35: 2034 refresh 200/30/10/10 | C35: =Assumptions!$C$5*Assumptions!$C$8 -> 200 | K35: =$C35*Assumptions!$C$17 -> 200 | L35: =$C35*Assumptions!$D$17 -> 30 | M35: =$C35*Assumptions!$G$17 -> 250 | O35: 2034 refresh 50/50 at 230 | P35: =Assumptions!$C$11*Assumptions!$C$10 -> 115 | X35: =$P35*Assumptions!$C$18 -> 115 | Y35: =$P35*Assumptions!$D$18 -> 115 | Z35: =$P35*Assumptions!$G$18 -> 230
B36: 2035 refresh 200/30/10/10 | C36: =Assumptions!$C$5*Assumptions!$C$8 -> 200 | L36: =$C36*Assumptions!$C$17 -> 200 | M36: =$C36*Assumptions!$G$17 -> 250 | O36: 2035 refresh 50/50 at 230 | P36: =Assumptions!$C$11*Assumptions!$C$10 -> 115 | Y36: =$P36*Assumptions!$C$18 -> 115 | Z36: =$P36*Assumptions!$G$18 -> 230
B37: Total annual vest | C37: Total | D37: =D27+SUM(D28:D36) -> 125 | E37: =E27+SUM(E28:E36) -> 128.75 | F37: =F27+SUM(F28:F36) -> 130 | G37: =G27+SUM(G28:G36) -> 206.25 | H37: =H27+SUM(H28:H36) -> 232.5 | I37: =I27+SUM(I28:I36) -> 241.25 | J37: =J27+SUM(J28:J36) -> 250 | K37: =K27+SUM(K28:K36) -> 250 | L37: =L27+SUM(L28:L36) -> 250 | M37: =SUM(M28:M36) -> 1593.75 | O37: Total annual vest | P37: Total | Q37: =Q27+SUM(Q28:Q36) -> 125 | R37: =R27+SUM(R28:R36) -> 125 | S37: =S27+SUM(S28:S36) -> 125 | T37: =T27+SUM(T28:T36) -> 230 | U37: =U27+SUM(U28:U36) -> 230 | V37: =V27+SUM(V28:V36) -> 230 | W37: =W27+SUM(W28:W36) -> 230 | X37: =X27+SUM(X28:X36) -> 230 | Y37: =Y27+SUM(Y28:Y36) -> 230 | Z37: =SUM(Z28:Z36) -> 1570
B38: % of steady-state ceiling | D38: =D37/D26 -> 1 | E38: =E37/E26 -> 1.03 | F38: =F37/F26 -> 1.04 | G38: =G37/G26 -> 1.03125 | H38: =H37/H26 -> 1.86 | I38: =I37/I26 -> 1.93 | J38: =J37/J26 -> 2 | K38: =K37/K26 -> 2 | L38: =L37/L26 -> 2 | O38: % of steady-state ceiling | Q38: =Q37/Q26 -> 1 | R38: =R37/R26 -> 1 | S38: =S37/S26 -> 1 | T38: =T37/T26 -> 1 | U38: =U37/U26 -> 1.84 | V38: =V37/V26 -> 1.84 | W38: =W37/W26 -> 1.84 | X38: =X37/X26 -> 1.84 | Y38: =Y37/Y26 -> 1.84
B39: Change vs prior year | D39: =D37-Assumptions!$C$5 -> 25 | E39: =E37-D37 -> 3.75 | F39: =F37-E37 -> 1.25 | G39: =G37-F37 -> 76.25 | H39: =H37-G37 -> 26.25 | I39: =I37-H37 -> 8.75 | J39: =J37-I37 -> 8.75 | K39: =K37-J37 -> 0 | L39: =L37-K37 -> 0 | O39: Change vs prior year | Q39: =Q37-Assumptions!$C$5 -> 25 | R39: =R37-Q37 -> 0 | S39: =S37-R37 -> 0 | T39: =T37-S37 -> 105 | U39: =U37-T37 -> 0 | V39: =V37-U37 -> 0 | W39: =W37-V37 -> 0 | X39: =X37-W37 -> 0 | Y39: =Y37-X37 -> 0
B43: Persona C hired 2026, 25 of target vesting in the transition year transition year 2030
B44: Option 1 100/15/5/5 | C44: Sizing | D44: 2027 | E44: 2028 | F44: 2029 | G44: 2030 | H44: 2031 | I44: 2032 | J44: 2033 | K44: 2034 | L44: 2035 | M44: Face | O44: Option 2 100/50 and 50/50 | P44: Sizing | Q44: 2027 | R44: 2028 | S44: 2029 | T44: 2030 | U44: 2031 | V44: 2032 | W44: 2033 | X44: 2034 | Y44: 2035 | Z44: Face
B45: Gap target (used only in T and promo years) | D45: =Assumptions!$C$5*Assumptions!$C$6 -> 125 | E45: =Assumptions!$C$5*Assumptions!$C$6 -> 125 | F45: =Assumptions!$C$5*Assumptions!$C$6 -> 125 | G45: =Assumptions!$C$5*Assumptions!$C$8 -> 200 | H45: =Assumptions!$C$5*Assumptions!$C$6 -> 125 | I45: =Assumptions!$C$5*Assumptions!$C$6 -> 125 | J45: =Assumptions!$C$5*Assumptions!$C$6 -> 125 | K45: =Assumptions!$C$5*Assumptions!$C$6 -> 125 | L45: =Assumptions!$C$5*Assumptions!$C$6 -> 125 | O45: Gap target (used only in T and promo years) | Q45: =Assumptions!$C$5*Assumptions!$C$6 -> 125 | R45: =Assumptions!$C$5*Assumptions!$C$6 -> 125 | S45: =Assumptions!$C$5*Assumptions!$C$6 -> 125 | T45: =Assumptions!$C$10 -> 230 | U45: =Assumptions!$C$5*Assumptions!$C$6 -> 125 | V45: =Assumptions!$C$5*Assumptions!$C$6 -> 125 | W45: =Assumptions!$C$5*Assumptions!$C$6 -> 125 | X45: =Assumptions!$C$5*Assumptions!$C$6 -> 125 | Y45: =Assumptions!$C$5*Assumptions!$C$6 -> 125
B46: Legacy scheduled vest | D46: 100 | E46: 100 | F46: 100 | G46: 25 | H46: 0 | I46: 0 | J46: 0 | K46: 0 | L46: 0 | O46: Legacy scheduled vest | Q46: 100 | R46: 100 | S46: 100 | T46: 25 | U46: 0 | V46: 0 | W46: 0 | X46: 0 | Y46: 0
B47: 2027 pre-transition top-up | C47: =MAX(Assumptions!$C$5*Assumptions!$C$12,D45-(D46)) -> 25 | D47: =$C47*Assumptions!$C$23 -> 25 | E47: =$C47*Assumptions!$D$23 -> 3.75 | F47: =$C47*Assumptions!$E$23 -> 1.25 | G47: =$C47*Assumptions!$F$23 -> 1.25 | M47: =$C47*Assumptions!$G$23 -> 31.25 | O47: 2027 pre-transition top-up (1 year) | P47: =MAX(Assumptions!$C$5*Assumptions!$C$12,Q45-(Q46)) -> 25 | Q47: =$P47*Assumptions!$C$21 -> 25 | R47: =$P47*Assumptions!$D$21 -> 0 | S47: =$P47*Assumptions!$E$21 -> 0 | T47: =$P47*Assumptions!$F$21 -> 0 | Z47: =$P47*Assumptions!$G$21 -> 25
B48: 2028 pre-transition top-up | C48: =MAX(Assumptions!$C$5*Assumptions!$C$12,E45-(E46)) -> 25 | E48: =$C48*Assumptions!$C$23 -> 25 | F48: =$C48*Assumptions!$D$23 -> 3.75 | G48: =$C48*Assumptions!$E$23 -> 1.25 | H48: =$C48*Assumptions!$F$23 -> 1.25 | M48: =$C48*Assumptions!$G$23 -> 31.25 | O48: 2028 pre-transition top-up (1 year) | P48: =MAX(Assumptions!$C$5*Assumptions!$C$12,R45-(R46)) -> 25 | R48: =$P48*Assumptions!$C$21 -> 25 | S48: =$P48*Assumptions!$D$21 -> 0 | T48: =$P48*Assumptions!$E$21 -> 0 | U48: =$P48*Assumptions!$F$21 -> 0 | Z48: =$P48*Assumptions!$G$21 -> 25
B49: 2029 pre-transition top-up | C49: =MAX(Assumptions!$C$5*Assumptions!$C$12,F45-(F46)) -> 25 | F49: =$C49*Assumptions!$C$23 -> 25 | G49: =$C49*Assumptions!$D$23 -> 3.75 | H49: =$C49*Assumptions!$E$23 -> 1.25 | I49: =$C49*Assumptions!$F$23 -> 1.25 | M49: =$C49*Assumptions!$G$23 -> 31.25 | O49: 2029 pre-transition top-up (1 year) | P49: =MAX(Assumptions!$C$5*Assumptions!$C$12,S45-(S46)) -> 25 | S49: =$P49*Assumptions!$C$21 -> 25 | T49: =$P49*Assumptions!$D$21 -> 0 | U49: =$P49*Assumptions!$E$21 -> 0 | V49: =$P49*Assumptions!$F$21 -> 0 | Z49: =$P49*Assumptions!$G$21 -> 25
B50: 2030 promo grant (gap to 200) | C50: =MAX(Assumptions!$C$5*Assumptions!$C$12,G45-(G46)) -> 175 | G50: =$C50*Assumptions!$C$23 -> 175 | H50: =$C50*Assumptions!$D$23 -> 26.25 | I50: =$C50*Assumptions!$E$23 -> 8.75 | J50: =$C50*Assumptions!$F$23 -> 8.75 | M50: =$C50*Assumptions!$G$23 -> 218.75 | O50: 2030 transition Grant 1 (gap) | P50: =T45-(T46+$P51) -> 90 | T50: =$P50*Assumptions!$C$21 -> 90 | U50: =$P50*Assumptions!$D$21 -> 0 | V50: =$P50*Assumptions!$E$21 -> 0 | W50: =$P50*Assumptions!$F$21 -> 0 | Z50: =$P50*Assumptions!$G$21 -> 90
B51: 2031 refresh 200/30/10/10 | C51: =Assumptions!$C$5*Assumptions!$C$8 -> 200 | H51: =$C51*Assumptions!$C$17 -> 200 | I51: =$C51*Assumptions!$D$17 -> 30 | J51: =$C51*Assumptions!$E$17 -> 10 | K51: =$C51*Assumptions!$F$17 -> 10 | M51: =$C51*Assumptions!$G$17 -> 250 | O51: 2030 transition Grant 2 2-yr equal | P51: =Assumptions!$C$11*Assumptions!$C$10 -> 115 | T51: =$P51*Assumptions!$C$18 -> 115 | U51: =$P51*Assumptions!$D$18 -> 115 | V51: =$P51*Assumptions!$E$18 -> 0 | W51: =$P51*Assumptions!$F$18 -> 0 | Z51: =$P51*Assumptions!$G$18 -> 230
B52: 2032 refresh 200/30/10/10 | C52: =Assumptions!$C$5*Assumptions!$C$8 -> 200 | I52: =$C52*Assumptions!$C$17 -> 200 | J52: =$C52*Assumptions!$D$17 -> 30 | K52: =$C52*Assumptions!$E$17 -> 10 | L52: =$C52*Assumptions!$F$17 -> 10 | M52: =$C52*Assumptions!$G$17 -> 250 | O52: 2031 refresh 50/50 at 230 | P52: =Assumptions!$C$11*Assumptions!$C$10 -> 115 | U52: =$P52*Assumptions!$C$18 -> 115 | V52: =$P52*Assumptions!$D$18 -> 115 | W52: =$P52*Assumptions!$E$18 -> 0 | X52: =$P52*Assumptions!$F$18 -> 0 | Z52: =$P52*Assumptions!$G$18 -> 230
B53: 2033 refresh 200/30/10/10 | C53: =Assumptions!$C$5*Assumptions!$C$8 -> 200 | J53: =$C53*Assumptions!$C$17 -> 200 | K53: =$C53*Assumptions!$D$17 -> 30 | L53: =$C53*Assumptions!$E$17 -> 10 | M53: =$C53*Assumptions!$G$17 -> 250 | O53: 2032 refresh 50/50 at 230 | P53: =Assumptions!$C$11*Assumptions!$C$10 -> 115 | V53: =$P53*Assumptions!$C$18 -> 115 | W53: =$P53*Assumptions!$D$18 -> 115 | X53: =$P53*Assumptions!$E$18 -> 0 | Y53: =$P53*Assumptions!$F$18 -> 0 | Z53: =$P53*Assumptions!$G$18 -> 230
B54: 2034 refresh 200/30/10/10 | C54: =Assumptions!$C$5*Assumptions!$C$8 -> 200 | K54: =$C54*Assumptions!$C$17 -> 200 | L54: =$C54*Assumptions!$D$17 -> 30 | M54: =$C54*Assumptions!$G$17 -> 250 | O54: 2033 refresh 50/50 at 230 | P54: =Assumptions!$C$11*Assumptions!$C$10 -> 115 | W54: =$P54*Assumptions!$C$18 -> 115 | X54: =$P54*Assumptions!$D$18 -> 115 | Y54: =$P54*Assumptions!$E$18 -> 0 | Z54: =$P54*Assumptions!$G$18 -> 230
B55: 2035 refresh 200/30/10/10 | C55: =Assumptions!$C$5*Assumptions!$C$8 -> 200 | L55: =$C55*Assumptions!$C$17 -> 200 | M55: =$C55*Assumptions!$G$17 -> 250 | O55: 2034 refresh 50/50 at 230 | P55: =Assumptions!$C$11*Assumptions!$C$10 -> 115 | X55: =$P55*Assumptions!$C$18 -> 115 | Y55: =$P55*Assumptions!$D$18 -> 115 | Z55: =$P55*Assumptions!$G$18 -> 230
B56: Total annual vest | C56: Total | D56: =D46+SUM(D47:D55) -> 125 | E56: =E46+SUM(E47:E55) -> 128.75 | F56: =F46+SUM(F47:F55) -> 130 | G56: =G46+SUM(G47:G55) -> 206.25 | H56: =H46+SUM(H47:H55) -> 228.75 | I56: =I46+SUM(I47:I55) -> 240 | J56: =J46+SUM(J47:J55) -> 248.75 | K56: =K46+SUM(K47:K55) -> 250 | L56: =L46+SUM(L47:L55) -> 250 | M56: =SUM(M47:M55) -> 1562.5 | O56: 2035 refresh 50/50 at 230 | P56: =Assumptions!$C$11*Assumptions!$C$10 -> 115 | Y56: =$P56*Assumptions!$C$18 -> 115 | Z56: =$P56*Assumptions!$G$18 -> 230
B57: % of steady-state ceiling | D57: =D56/D45 -> 1 | E57: =E56/E45 -> 1.03 | F57: =F56/F45 -> 1.04 | G57: =G56/G45 -> 1.03125 | H57: =H56/H45 -> 1.83 | I57: =I56/I45 -> 1.92 | J57: =J56/J45 -> 1.99 | K57: =K56/K45 -> 2 | L57: =L56/L45 -> 2 | O57: Total annual vest | P57: Total | Q57: =Q46+SUM(Q47:Q56) -> 125 | R57: =R46+SUM(R47:R56) -> 125 | S57: =S46+SUM(S47:S56) -> 125 | T57: =T46+SUM(T47:T56) -> 230 | U57: =U46+SUM(U47:U56) -> 230 | V57: =V46+SUM(V47:V56) -> 230 | W57: =W46+SUM(W47:W56) -> 230 | X57: =X46+SUM(X47:X56) -> 230 | Y57: =Y46+SUM(Y47:Y56) -> 230 | Z57: =SUM(Z47:Z56) -> 1545
B58: Change vs prior year | D58: =D56-Assumptions!$C$5 -> 25 | E58: =E56-D56 -> 3.75 | F58: =F56-E56 -> 1.25 | G58: =G56-F56 -> 76.25 | H58: =H56-G56 -> 22.5 | I58: =I56-H56 -> 11.25 | J58: =J56-I56 -> 8.75 | K58: =K56-J56 -> 1.25 | L58: =L56-K56 -> 0 | O58: % of steady-state ceiling | Q58: =Q57/Q45 -> 1 | R58: =R57/R45 -> 1 | S58: =S57/S45 -> 1 | T58: =T57/T45 -> 1 | U58: =U57/U45 -> 1.84 | V58: =V57/V45 -> 1.84 | W58: =W57/W45 -> 1.84 | X58: =X57/X45 -> 1.84 | Y58: =Y57/Y45 -> 1.84
O59: Change vs prior year | Q59: =Q57-Assumptions!$C$5 -> 25 | R59: =R57-Q57 -> 0 | S59: =S57-R57 -> 0 | T59: =T57-S57 -> 105 | U59: =U57-T57 -> 0 | V59: =V57-U57 -> 0 | W59: =W57-V57 -> 0 | X59: =X57-W57 -> 0 | Y59: =Y57-X57 -> 0
B63: Persona D hired 2026, 50 of target vesting in the transition year transition year 2030
B64: Option 1 100/15/5/5 | C64: Sizing | D64: 2027 | E64: 2028 | F64: 2029 | G64: 2030 | H64: 2031 | I64: 2032 | J64: 2033 | K64: 2034 | L64: 2035 | M64: Face | O64: Option 2 100/50 and 50/50 | P64: Sizing | Q64: 2027 | R64: 2028 | S64: 2029 | T64: 2030 | U64: 2031 | V64: 2032 | W64: 2033 | X64: 2034 | Y64: 2035 | Z64: Face
B65: Gap target (used only in T and promo years) | D65: =Assumptions!$C$5*Assumptions!$C$6 -> 125 | E65: =Assumptions!$C$5*Assumptions!$C$6 -> 125 | F65: =Assumptions!$C$5*Assumptions!$C$6 -> 125 | G65: =Assumptions!$C$5*Assumptions!$C$8 -> 200 | H65: =Assumptions!$C$5*Assumptions!$C$6 -> 125 | I65: =Assumptions!$C$5*Assumptions!$C$6 -> 125 | J65: =Assumptions!$C$5*Assumptions!$C$6 -> 125 | K65: =Assumptions!$C$5*Assumptions!$C$6 -> 125 | L65: =Assumptions!$C$5*Assumptions!$C$6 -> 125 | O65: Gap target (used only in T and promo years) | Q65: =Assumptions!$C$5*Assumptions!$C$6 -> 125 | R65: =Assumptions!$C$5*Assumptions!$C$6 -> 125 | S65: =Assumptions!$C$5*Assumptions!$C$6 -> 125 | T65: =Assumptions!$C$10 -> 230 | U65: =Assumptions!$C$5*Assumptions!$C$6 -> 125 | V65: =Assumptions!$C$5*Assumptions!$C$6 -> 125 | W65: =Assumptions!$C$5*Assumptions!$C$6 -> 125 | X65: =Assumptions!$C$5*Assumptions!$C$6 -> 125 | Y65: =Assumptions!$C$5*Assumptions!$C$6 -> 125
B66: Legacy scheduled vest | D66: 100 | E66: 100 | F66: 100 | G66: 50 | H66: 0 | I66: 0 | J66: 0 | K66: 0 | L66: 0 | O66: Legacy scheduled vest | Q66: 100 | R66: 100 | S66: 100 | T66: 50 | U66: 0 | V66: 0 | W66: 0 | X66: 0 | Y66: 0
B67: 2027 pre-transition top-up | C67: =MAX(Assumptions!$C$5*Assumptions!$C$12,D65-(D66)) -> 25 | D67: =$C67*Assumptions!$C$23 -> 25 | E67: =$C67*Assumptions!$D$23 -> 3.75 | F67: =$C67*Assumptions!$E$23 -> 1.25 | G67: =$C67*Assumptions!$F$23 -> 1.25 | M67: =$C67*Assumptions!$G$23 -> 31.25 | O67: 2027 pre-transition top-up (1 year) | P67: =MAX(Assumptions!$C$5*Assumptions!$C$12,Q65-(Q66)) -> 25 | Q67: =$P67*Assumptions!$C$21 -> 25 | R67: =$P67*Assumptions!$D$21 -> 0 | S67: =$P67*Assumptions!$E$21 -> 0 | T67: =$P67*Assumptions!$F$21 -> 0 | Z67: =$P67*Assumptions!$G$21 -> 25
B68: 2028 pre-transition top-up | C68: =MAX(Assumptions!$C$5*Assumptions!$C$12,E65-(E66)) -> 25 | E68: =$C68*Assumptions!$C$23 -> 25 | F68: =$C68*Assumptions!$D$23 -> 3.75 | G68: =$C68*Assumptions!$E$23 -> 1.25 | H68: =$C68*Assumptions!$F$23 -> 1.25 | M68: =$C68*Assumptions!$G$23 -> 31.25 | O68: 2028 pre-transition top-up (1 year) | P68: =MAX(Assumptions!$C$5*Assumptions!$C$12,R65-(R66)) -> 25 | R68: =$P68*Assumptions!$C$21 -> 25 | S68: =$P68*Assumptions!$D$21 -> 0 | T68: =$P68*Assumptions!$E$21 -> 0 | U68: =$P68*Assumptions!$F$21 -> 0 | Z68: =$P68*Assumptions!$G$21 -> 25
B69: 2029 pre-transition top-up | C69: =MAX(Assumptions!$C$5*Assumptions!$C$12,F65-(F66)) -> 25 | F69: =$C69*Assumptions!$C$23 -> 25 | G69: =$C69*Assumptions!$D$23 -> 3.75 | H69: =$C69*Assumptions!$E$23 -> 1.25 | I69: =$C69*Assumptions!$F$23 -> 1.25 | M69: =$C69*Assumptions!$G$23 -> 31.25 | O69: 2029 pre-transition top-up (1 year) | P69: =MAX(Assumptions!$C$5*Assumptions!$C$12,S65-(S66)) -> 25 | S69: =$P69*Assumptions!$C$21 -> 25 | T69: =$P69*Assumptions!$D$21 -> 0 | U69: =$P69*Assumptions!$E$21 -> 0 | V69: =$P69*Assumptions!$F$21 -> 0 | Z69: =$P69*Assumptions!$G$21 -> 25
B70: 2030 promo grant (gap to 200) | C70: =MAX(Assumptions!$C$5*Assumptions!$C$12,G65-(G66)) -> 150 | G70: =$C70*Assumptions!$C$23 -> 150 | H70: =$C70*Assumptions!$D$23 -> 22.5 | I70: =$C70*Assumptions!$E$23 -> 7.5 | J70: =$C70*Assumptions!$F$23 -> 7.5 | M70: =$C70*Assumptions!$G$23 -> 187.5 | O70: 2030 transition Grant 1 (gap) | P70: =T65-(T66+$P71) -> 65 | T70: =$P70*Assumptions!$C$21 -> 65 | U70: =$P70*Assumptions!$D$21 -> 0 | V70: =$P70*Assumptions!$E$21 -> 0 | W70: =$P70*Assumptions!$F$21 -> 0 | Z70: =$P70*Assumptions!$G$21 -> 65
B71: 2031 refresh 200/30/10/10 | C71: =Assumptions!$C$5*Assumptions!$C$8 -> 200 | H71: =$C71*Assumptions!$C$17 -> 200 | I71: =$C71*Assumptions!$D$17 -> 30 | J71: =$C71*Assumptions!$E$17 -> 10 | K71: =$C71*Assumptions!$F$17 -> 10 | M71: =$C71*Assumptions!$G$17 -> 250 | O71: 2030 transition Grant 2 2-yr equal | P71: =Assumptions!$C$11*Assumptions!$C$10 -> 115 | T71: =$P71*Assumptions!$C$18 -> 115 | U71: =$P71*Assumptions!$D$18 -> 115 | V71: =$P71*Assumptions!$E$18 -> 0 | W71: =$P71*Assumptions!$F$18 -> 0 | Z71: =$P71*Assumptions!$G$18 -> 230
B72: 2032 refresh 200/30/10/10 | C72: =Assumptions!$C$5*Assumptions!$C$8 -> 200 | I72: =$C72*Assumptions!$C$17 -> 200 | J72: =$C72*Assumptions!$D$17 -> 30 | K72: =$C72*Assumptions!$E$17 -> 10 | L72: =$C72*Assumptions!$F$17 -> 10 | M72: =$C72*Assumptions!$G$17 -> 250 | O72: 2031 refresh 50/50 at 230 | P72: =Assumptions!$C$11*Assumptions!$C$10 -> 115 | U72: =$P72*Assumptions!$C$18 -> 115 | V72: =$P72*Assumptions!$D$18 -> 115 | W72: =$P72*Assumptions!$E$18 -> 0 | X72: =$P72*Assumptions!$F$18 -> 0 | Z72: =$P72*Assumptions!$G$18 -> 230
B73: 2033 refresh 200/30/10/10 | C73: =Assumptions!$C$5*Assumptions!$C$8 -> 200 | J73: =$C73*Assumptions!$C$17 -> 200 | K73: =$C73*Assumptions!$D$17 -> 30 | L73: =$C73*Assumptions!$E$17 -> 10 | M73: =$C73*Assumptions!$G$17 -> 250 | O73: 2032 refresh 50/50 at 230 | P73: =Assumptions!$C$11*Assumptions!$C$10 -> 115 | V73: =$P73*Assumptions!$C$18 -> 115 | W73: =$P73*Assumptions!$D$18 -> 115 | X73: =$P73*Assumptions!$E$18 -> 0 | Y73: =$P73*Assumptions!$F$18 -> 0 | Z73: =$P73*Assumptions!$G$18 -> 230
B74: 2034 refresh 200/30/10/10 | C74: =Assumptions!$C$5*Assumptions!$C$8 -> 200 | K74: =$C74*Assumptions!$C$17 -> 200 | L74: =$C74*Assumptions!$D$17 -> 30 | M74: =$C74*Assumptions!$G$17 -> 250 | O74: 2033 refresh 50/50 at 230 | P74: =Assumptions!$C$11*Assumptions!$C$10 -> 115 | W74: =$P74*Assumptions!$C$18 -> 115 | X74: =$P74*Assumptions!$D$18 -> 115 | Y74: =$P74*Assumptions!$E$18 -> 0 | Z74: =$P74*Assumptions!$G$18 -> 230
B75: 2035 refresh 200/30/10/10 | C75: =Assumptions!$C$5*Assumptions!$C$8 -> 200 | L75: =$C75*Assumptions!$C$17 -> 200 | M75: =$C75*Assumptions!$G$17 -> 250 | O75: 2034 refresh 50/50 at 230 | P75: =Assumptions!$C$11*Assumptions!$C$10 -> 115 | X75: =$P75*Assumptions!$C$18 -> 115 | Y75: =$P75*Assumptions!$D$18 -> 115 | Z75: =$P75*Assumptions!$G$18 -> 230
B76: Total annual vest | C76: Total | D76: =D66+SUM(D67:D75) -> 125 | E76: =E66+SUM(E67:E75) -> 128.75 | F76: =F66+SUM(F67:F75) -> 130 | G76: =G66+SUM(G67:G75) -> 206.25 | H76: =H66+SUM(H67:H75) -> 225 | I76: =I66+SUM(I67:I75) -> 238.75 | J76: =J66+SUM(J67:J75) -> 247.5 | K76: =K66+SUM(K67:K75) -> 250 | L76: =L66+SUM(L67:L75) -> 250 | M76: =SUM(M67:M75) -> 1531.25 | O76: 2035 refresh 50/50 at 230 | P76: =Assumptions!$C$11*Assumptions!$C$10 -> 115 | Y76: =$P76*Assumptions!$C$18 -> 115 | Z76: =$P76*Assumptions!$G$18 -> 230
B77: % of steady-state ceiling | D77: =D76/D65 -> 1 | E77: =E76/E65 -> 1.03 | F77: =F76/F65 -> 1.04 | G77: =G76/G65 -> 1.03125 | H77: =H76/H65 -> 1.8 | I77: =I76/I65 -> 1.91 | J77: =J76/J65 -> 1.98 | K77: =K76/K65 -> 2 | L77: =L76/L65 -> 2 | O77: Total annual vest | P77: Total | Q77: =Q66+SUM(Q67:Q76) -> 125 | R77: =R66+SUM(R67:R76) -> 125 | S77: =S66+SUM(S67:S76) -> 125 | T77: =T66+SUM(T67:T76) -> 230 | U77: =U66+SUM(U67:U76) -> 230 | V77: =V66+SUM(V67:V76) -> 230 | W77: =W66+SUM(W67:W76) -> 230 | X77: =X66+SUM(X67:X76) -> 230 | Y77: =Y66+SUM(Y67:Y76) -> 230 | Z77: =SUM(Z67:Z76) -> 1520
B78: Change vs prior year | D78: =D76-Assumptions!$C$5 -> 25 | E78: =E76-D76 -> 3.75 | F78: =F76-E76 -> 1.25 | G78: =G76-F76 -> 76.25 | H78: =H76-G76 -> 18.75 | I78: =I76-H76 -> 13.75 | J78: =J76-I76 -> 8.75 | K78: =K76-J76 -> 2.5 | L78: =L76-K76 -> 0 | O78: % of steady-state ceiling | Q78: =Q77/Q65 -> 1 | R78: =R77/R65 -> 1 | S78: =S77/S65 -> 1 | T78: =T77/T65 -> 1 | U78: =U77/U65 -> 1.84 | V78: =V77/V65 -> 1.84 | W78: =W77/W65 -> 1.84 | X78: =X77/X65 -> 1.84 | Y78: =Y77/Y65 -> 1.84
O79: Change vs prior year | Q79: =Q77-Assumptions!$C$5 -> 25 | R79: =R77-Q77 -> 0 | S79: =S77-R77 -> 0 | T79: =T77-S77 -> 105 | U79: =U77-T77 -> 0 | V79: =V77-U77 -> 0 | W79: =W77-V77 -> 0 | X79: =X77-W77 -> 0 | Y79: =Y77-X77 -> 0
B83: Persona E hired 2026, 75 of target vesting in the transition year transition year 2030
B84: Option 1 100/15/5/5 | C84: Sizing | D84: 2027 | E84: 2028 | F84: 2029 | G84: 2030 | H84: 2031 | I84: 2032 | J84: 2033 | K84: 2034 | L84: 2035 | M84: Face | O84: Option 2 100/50 and 50/50 | P84: Sizing | Q84: 2027 | R84: 2028 | S84: 2029 | T84: 2030 | U84: 2031 | V84: 2032 | W84: 2033 | X84: 2034 | Y84: 2035 | Z84: Face
B85: Gap target (used only in T and promo years) | D85: =Assumptions!$C$5*Assumptions!$C$6 -> 125 | E85: =Assumptions!$C$5*Assumptions!$C$6 -> 125 | F85: =Assumptions!$C$5*Assumptions!$C$6 -> 125 | G85: =Assumptions!$C$5*Assumptions!$C$8 -> 200 | H85: =Assumptions!$C$5*Assumptions!$C$6 -> 125 | I85: =Assumptions!$C$5*Assumptions!$C$6 -> 125 | J85: =Assumptions!$C$5*Assumptions!$C$6 -> 125 | K85: =Assumptions!$C$5*Assumptions!$C$6 -> 125 | L85: =Assumptions!$C$5*Assumptions!$C$6 -> 125 | O85: Gap target (used only in T and promo years) | Q85: =Assumptions!$C$5*Assumptions!$C$6 -> 125 | R85: =Assumptions!$C$5*Assumptions!$C$6 -> 125 | S85: =Assumptions!$C$5*Assumptions!$C$6 -> 125 | T85: =Assumptions!$C$10 -> 230 | U85: =Assumptions!$C$5*Assumptions!$C$6 -> 125 | V85: =Assumptions!$C$5*Assumptions!$C$6 -> 125 | W85: =Assumptions!$C$5*Assumptions!$C$6 -> 125 | X85: =Assumptions!$C$5*Assumptions!$C$6 -> 125 | Y85: =Assumptions!$C$5*Assumptions!$C$6 -> 125
B86: Legacy scheduled vest | D86: 100 | E86: 100 | F86: 100 | G86: 75 | H86: 0 | I86: 0 | J86: 0 | K86: 0 | L86: 0 | O86: Legacy scheduled vest | Q86: 100 | R86: 100 | S86: 100 | T86: 75 | U86: 0 | V86: 0 | W86: 0 | X86: 0 | Y86: 0
B87: 2027 pre-transition top-up | C87: =MAX(Assumptions!$C$5*Assumptions!$C$12,D85-(D86)) -> 25 | D87: =$C87*Assumptions!$C$23 -> 25 | E87: =$C87*Assumptions!$D$23 -> 3.75 | F87: =$C87*Assumptions!$E$23 -> 1.25 | G87: =$C87*Assumptions!$F$23 -> 1.25 | M87: =$C87*Assumptions!$G$23 -> 31.25 | O87: 2027 pre-transition top-up (1 year) | P87: =MAX(Assumptions!$C$5*Assumptions!$C$12,Q85-(Q86)) -> 25 | Q87: =$P87*Assumptions!$C$21 -> 25 | R87: =$P87*Assumptions!$D$21 -> 0 | S87: =$P87*Assumptions!$E$21 -> 0 | T87: =$P87*Assumptions!$F$21 -> 0 | Z87: =$P87*Assumptions!$G$21 -> 25
B88: 2028 pre-transition top-up | C88: =MAX(Assumptions!$C$5*Assumptions!$C$12,E85-(E86)) -> 25 | E88: =$C88*Assumptions!$C$23 -> 25 | F88: =$C88*Assumptions!$D$23 -> 3.75 | G88: =$C88*Assumptions!$E$23 -> 1.25 | H88: =$C88*Assumptions!$F$23 -> 1.25 | M88: =$C88*Assumptions!$G$23 -> 31.25 | O88: 2028 pre-transition top-up (1 year) | P88: =MAX(Assumptions!$C$5*Assumptions!$C$12,R85-(R86)) -> 25 | R88: =$P88*Assumptions!$C$21 -> 25 | S88: =$P88*Assumptions!$D$21 -> 0 | T88: =$P88*Assumptions!$E$21 -> 0 | U88: =$P88*Assumptions!$F$21 -> 0 | Z88: =$P88*Assumptions!$G$21 -> 25
B89: 2029 pre-transition top-up | C89: =MAX(Assumptions!$C$5*Assumptions!$C$12,F85-(F86)) -> 25 | F89: =$C89*Assumptions!$C$23 -> 25 | G89: =$C89*Assumptions!$D$23 -> 3.75 | H89: =$C89*Assumptions!$E$23 -> 1.25 | I89: =$C89*Assumptions!$F$23 -> 1.25 | M89: =$C89*Assumptions!$G$23 -> 31.25 | O89: 2029 pre-transition top-up (1 year) | P89: =MAX(Assumptions!$C$5*Assumptions!$C$12,S85-(S86)) -> 25 | S89: =$P89*Assumptions!$C$21 -> 25 | T89: =$P89*Assumptions!$D$21 -> 0 | U89: =$P89*Assumptions!$E$21 -> 0 | V89: =$P89*Assumptions!$F$21 -> 0 | Z89: =$P89*Assumptions!$G$21 -> 25
B90: 2030 promo grant (gap to 200) | C90: =MAX(Assumptions!$C$5*Assumptions!$C$12,G85-(G86)) -> 125 | G90: =$C90*Assumptions!$C$23 -> 125 | H90: =$C90*Assumptions!$D$23 -> 18.75 | I90: =$C90*Assumptions!$E$23 -> 6.25 | J90: =$C90*Assumptions!$F$23 -> 6.25 | M90: =$C90*Assumptions!$G$23 -> 156.25 | O90: 2030 transition Grant 1 (gap) | P90: =T85-(T86+$P91) -> 40 | T90: =$P90*Assumptions!$C$21 -> 40 | U90: =$P90*Assumptions!$D$21 -> 0 | V90: =$P90*Assumptions!$E$21 -> 0 | W90: =$P90*Assumptions!$F$21 -> 0 | Z90: =$P90*Assumptions!$G$21 -> 40
B91: 2031 refresh 200/30/10/10 | C91: =Assumptions!$C$5*Assumptions!$C$8 -> 200 | H91: =$C91*Assumptions!$C$17 -> 200 | I91: =$C91*Assumptions!$D$17 -> 30 | J91: =$C91*Assumptions!$E$17 -> 10 | K91: =$C91*Assumptions!$F$17 -> 10 | M91: =$C91*Assumptions!$G$17 -> 250 | O91: 2030 transition Grant 2 2-yr equal | P91: =Assumptions!$C$11*Assumptions!$C$10 -> 115 | T91: =$P91*Assumptions!$C$18 -> 115 | U91: =$P91*Assumptions!$D$18 -> 115 | V91: =$P91*Assumptions!$E$18 -> 0 | W91: =$P91*Assumptions!$F$18 -> 0 | Z91: =$P91*Assumptions!$G$18 -> 230
B92: 2032 refresh 200/30/10/10 | C92: =Assumptions!$C$5*Assumptions!$C$8 -> 200 | I92: =$C92*Assumptions!$C$17 -> 200 | J92: =$C92*Assumptions!$D$17 -> 30 | K92: =$C92*Assumptions!$E$17 -> 10 | L92: =$C92*Assumptions!$F$17 -> 10 | M92: =$C92*Assumptions!$G$17 -> 250 | O92: 2031 refresh 50/50 at 230 | P92: =Assumptions!$C$11*Assumptions!$C$10 -> 115 | U92: =$P92*Assumptions!$C$18 -> 115 | V92: =$P92*Assumptions!$D$18 -> 115 | W92: =$P92*Assumptions!$E$18 -> 0 | X92: =$P92*Assumptions!$F$18 -> 0 | Z92: =$P92*Assumptions!$G$18 -> 230
B93: 2033 refresh 200/30/10/10 | C93: =Assumptions!$C$5*Assumptions!$C$8 -> 200 | J93: =$C93*Assumptions!$C$17 -> 200 | K93: =$C93*Assumptions!$D$17 -> 30 | L93: =$C93*Assumptions!$E$17 -> 10 | M93: =$C93*Assumptions!$G$17 -> 250 | O93: 2032 refresh 50/50 at 230 | P93: =Assumptions!$C$11*Assumptions!$C$10 -> 115 | V93: =$P93*Assumptions!$C$18 -> 115 | W93: =$P93*Assumptions!$D$18 -> 115 | X93: =$P93*Assumptions!$E$18 -> 0 | Y93: =$P93*Assumptions!$F$18 -> 0 | Z93: =$P93*Assumptions!$G$18 -> 230
B94: 2034 refresh 200/30/10/10 | C94: =Assumptions!$C$5*Assumptions!$C$8 -> 200 | K94: =$C94*Assumptions!$C$17 -> 200 | L94: =$C94*Assumptions!$D$17 -> 30 | M94: =$C94*Assumptions!$G$17 -> 250 | O94: 2033 refresh 50/50 at 230 | P94: =Assumptions!$C$11*Assumptions!$C$10 -> 115 | W94: =$P94*Assumptions!$C$18 -> 115 | X94: =$P94*Assumptions!$D$18 -> 115 | Y94: =$P94*Assumptions!$E$18 -> 0 | Z94: =$P94*Assumptions!$G$18 -> 230
B95: 2035 refresh 200/30/10/10 | C95: =Assumptions!$C$5*Assumptions!$C$8 -> 200 | L95: =$C95*Assumptions!$C$17 -> 200 | M95: =$C95*Assumptions!$G$17 -> 250 | O95: 2034 refresh 50/50 at 230 | P95: =Assumptions!$C$11*Assumptions!$C$10 -> 115 | X95: =$P95*Assumptions!$C$18 -> 115 | Y95: =$P95*Assumptions!$D$18 -> 115 | Z95: =$P95*Assumptions!$G$18 -> 230
B96: Total annual vest | C96: Total | D96: =D86+SUM(D87:D95) -> 125 | E96: =E86+SUM(E87:E95) -> 128.75 | F96: =F86+SUM(F87:F95) -> 130 | G96: =G86+SUM(G87:G95) -> 206.25 | H96: =H86+SUM(H87:H95) -> 221.25 | I96: =I86+SUM(I87:I95) -> 237.5 | J96: =J86+SUM(J87:J95) -> 246.25 | K96: =K86+SUM(K87:K95) -> 250 | L96: =L86+SUM(L87:L95) -> 250 | M96: =SUM(M87:M95) -> 1500 | O96: 2035 refresh 50/50 at 230 | P96: =Assumptions!$C$11*Assumptions!$C$10 -> 115 | Y96: =$P96*Assumptions!$C$18 -> 115 | Z96: =$P96*Assumptions!$G$18 -> 230
B97: % of steady-state ceiling | D97: =D96/D85 -> 1 | E97: =E96/E85 -> 1.03 | F97: =F96/F85 -> 1.04 | G97: =G96/G85 -> 1.03125 | H97: =H96/H85 -> 1.77 | I97: =I96/I85 -> 1.9 | J97: =J96/J85 -> 1.97 | K97: =K96/K85 -> 2 | L97: =L96/L85 -> 2 | O97: Total annual vest | P97: Total | Q97: =Q86+SUM(Q87:Q96) -> 125 | R97: =R86+SUM(R87:R96) -> 125 | S97: =S86+SUM(S87:S96) -> 125 | T97: =T86+SUM(T87:T96) -> 230 | U97: =U86+SUM(U87:U96) -> 230 | V97: =V86+SUM(V87:V96) -> 230 | W97: =W86+SUM(W87:W96) -> 230 | X97: =X86+SUM(X87:X96) -> 230 | Y97: =Y86+SUM(Y87:Y96) -> 230 | Z97: =SUM(Z87:Z96) -> 1495
B98: Change vs prior year | D98: =D96-Assumptions!$C$5 -> 25 | E98: =E96-D96 -> 3.75 | F98: =F96-E96 -> 1.25 | G98: =G96-F96 -> 76.25 | H98: =H96-G96 -> 15 | I98: =I96-H96 -> 16.25 | J98: =J96-I96 -> 8.75 | K98: =K96-J96 -> 3.75 | L98: =L96-K96 -> 0 | O98: % of steady-state ceiling | Q98: =Q97/Q85 -> 1 | R98: =R97/R85 -> 1 | S98: =S97/S85 -> 1 | T98: =T97/T85 -> 1 | U98: =U97/U85 -> 1.84 | V98: =V97/V85 -> 1.84 | W98: =W97/W85 -> 1.84 | X98: =X97/X85 -> 1.84 | Y98: =Y97/Y85 -> 1.84
O99: Change vs prior year | Q99: =Q97-Assumptions!$C$5 -> 25 | R99: =R97-Q97 -> 0 | S99: =S97-R97 -> 0 | T99: =T97-S97 -> 105 | U99: =U97-T97 -> 0 | V99: =V97-U97 -> 0 | W99: =W97-V97 -> 0 | X99: =X97-W97 -> 0 | Y99: =Y97-X97 -> 0
B103: Persona F hired 2023, 50 of target vesting in the transition year transition year 2027
B104: Option 1 100/15/5/5 | C104: Sizing | D104: 2027 | E104: 2028 | F104: 2029 | G104: 2030 | H104: 2031 | I104: 2032 | J104: 2033 | K104: 2034 | L104: 2035 | M104: Face | O104: Option 2 100/50 and 50/50 | P104: Sizing | Q104: 2027 | R104: 2028 | S104: 2029 | T104: 2030 | U104: 2031 | V104: 2032 | W104: 2033 | X104: 2034 | Y104: 2035 | Z104: Face
B105: Gap target (used only in T and promo years) | D105: =Assumptions!$C$5*Assumptions!$C$8 -> 200 | E105: =Assumptions!$C$5*Assumptions!$C$6 -> 125 | F105: =Assumptions!$C$5*Assumptions!$C$6 -> 125 | G105: =Assumptions!$C$5*Assumptions!$C$6 -> 125 | H105: =Assumptions!$C$5*Assumptions!$C$6 -> 125 | I105: =Assumptions!$C$5*Assumptions!$C$6 -> 125 | J105: =Assumptions!$C$5*Assumptions!$C$6 -> 125 | K105: =Assumptions!$C$5*Assumptions!$C$6 -> 125 | L105: =Assumptions!$C$5*Assumptions!$C$6 -> 125 | O105: Gap target (used only in T and promo years) | Q105: =Assumptions!$C$10 -> 230 | R105: =Assumptions!$C$5*Assumptions!$C$6 -> 125 | S105: =Assumptions!$C$5*Assumptions!$C$6 -> 125 | T105: =Assumptions!$C$5*Assumptions!$C$6 -> 125 | U105: =Assumptions!$C$5*Assumptions!$C$6 -> 125 | V105: =Assumptions!$C$5*Assumptions!$C$6 -> 125 | W105: =Assumptions!$C$5*Assumptions!$C$6 -> 125 | X105: =Assumptions!$C$5*Assumptions!$C$6 -> 125 | Y105: =Assumptions!$C$5*Assumptions!$C$6 -> 125
B106: Legacy scheduled vest | D106: 50 | E106: 0 | F106: 0 | G106: 0 | H106: 0 | I106: 0 | J106: 0 | K106: 0 | L106: 0 | O106: Legacy scheduled vest | Q106: 50 | R106: 0 | S106: 0 | T106: 0 | U106: 0 | V106: 0 | W106: 0 | X106: 0 | Y106: 0
B107: 2027 promo grant (gap to 200) | C107: =MAX(Assumptions!$C$5*Assumptions!$C$12,D105-(D106)) -> 150 | D107: =$C107*Assumptions!$C$23 -> 150 | E107: =$C107*Assumptions!$D$23 -> 22.5 | F107: =$C107*Assumptions!$E$23 -> 7.5 | G107: =$C107*Assumptions!$F$23 -> 7.5 | M107: =$C107*Assumptions!$G$23 -> 187.5 | O107: 2027 transition Grant 1 (gap) | P107: =Q105-(Q106+$P108) -> 65 | Q107: =$P107*Assumptions!$C$21 -> 65 | R107: =$P107*Assumptions!$D$21 -> 0 | S107: =$P107*Assumptions!$E$21 -> 0 | T107: =$P107*Assumptions!$F$21 -> 0 | Z107: =$P107*Assumptions!$G$21 -> 65
B108: 2028 refresh 200/30/10/10 | C108: =Assumptions!$C$5*Assumptions!$C$8 -> 200 | E108: =$C108*Assumptions!$C$17 -> 200 | F108: =$C108*Assumptions!$D$17 -> 30 | G108: =$C108*Assumptions!$E$17 -> 10 | H108: =$C108*Assumptions!$F$17 -> 10 | M108: =$C108*Assumptions!$G$17 -> 250 | O108: 2027 transition Grant 2 2-yr equal | P108: =Assumptions!$C$11*Assumptions!$C$10 -> 115 | Q108: =$P108*Assumptions!$C$18 -> 115 | R108: =$P108*Assumptions!$D$18 -> 115 | S108: =$P108*Assumptions!$E$18 -> 0 | T108: =$P108*Assumptions!$F$18 -> 0 | Z108: =$P108*Assumptions!$G$18 -> 230
B109: 2029 refresh 200/30/10/10 | C109: =Assumptions!$C$5*Assumptions!$C$8 -> 200 | F109: =$C109*Assumptions!$C$17 -> 200 | G109: =$C109*Assumptions!$D$17 -> 30 | H109: =$C109*Assumptions!$E$17 -> 10 | I109: =$C109*Assumptions!$F$17 -> 10 | M109: =$C109*Assumptions!$G$17 -> 250 | O109: 2028 refresh 50/50 at 230 | P109: =Assumptions!$C$11*Assumptions!$C$10 -> 115 | R109: =$P109*Assumptions!$C$18 -> 115 | S109: =$P109*Assumptions!$D$18 -> 115 | T109: =$P109*Assumptions!$E$18 -> 0 | U109: =$P109*Assumptions!$F$18 -> 0 | Z109: =$P109*Assumptions!$G$18 -> 230
B110: 2030 refresh 200/30/10/10 | C110: =Assumptions!$C$5*Assumptions!$C$8 -> 200 | G110: =$C110*Assumptions!$C$17 -> 200 | H110: =$C110*Assumptions!$D$17 -> 30 | I110: =$C110*Assumptions!$E$17 -> 10 | J110: =$C110*Assumptions!$F$17 -> 10 | M110: =$C110*Assumptions!$G$17 -> 250 | O110: 2029 refresh 50/50 at 230 | P110: =Assumptions!$C$11*Assumptions!$C$10 -> 115 | S110: =$P110*Assumptions!$C$18 -> 115 | T110: =$P110*Assumptions!$D$18 -> 115 | U110: =$P110*Assumptions!$E$18 -> 0 | V110: =$P110*Assumptions!$F$18 -> 0 | Z110: =$P110*Assumptions!$G$18 -> 230
B111: 2031 refresh 200/30/10/10 | C111: =Assumptions!$C$5*Assumptions!$C$8 -> 200 | H111: =$C111*Assumptions!$C$17 -> 200 | I111: =$C111*Assumptions!$D$17 -> 30 | J111: =$C111*Assumptions!$E$17 -> 10 | K111: =$C111*Assumptions!$F$17 -> 10 | M111: =$C111*Assumptions!$G$17 -> 250 | O111: 2030 refresh 50/50 at 230 | P111: =Assumptions!$C$11*Assumptions!$C$10 -> 115 | T111: =$P111*Assumptions!$C$18 -> 115 | U111: =$P111*Assumptions!$D$18 -> 115 | V111: =$P111*Assumptions!$E$18 -> 0 | W111: =$P111*Assumptions!$F$18 -> 0 | Z111: =$P111*Assumptions!$G$18 -> 230
B112: 2032 refresh 200/30/10/10 | C112: =Assumptions!$C$5*Assumptions!$C$8 -> 200 | I112: =$C112*Assumptions!$C$17 -> 200 | J112: =$C112*Assumptions!$D$17 -> 30 | K112: =$C112*Assumptions!$E$17 -> 10 | L112: =$C112*Assumptions!$F$17 -> 10 | M112: =$C112*Assumptions!$G$17 -> 250 | O112: 2031 refresh 50/50 at 230 | P112: =Assumptions!$C$11*Assumptions!$C$10 -> 115 | U112: =$P112*Assumptions!$C$18 -> 115 | V112: =$P112*Assumptions!$D$18 -> 115 | W112: =$P112*Assumptions!$E$18 -> 0 | X112: =$P112*Assumptions!$F$18 -> 0 | Z112: =$P112*Assumptions!$G$18 -> 230
B113: 2033 refresh 200/30/10/10 | C113: =Assumptions!$C$5*Assumptions!$C$8 -> 200 | J113: =$C113*Assumptions!$C$17 -> 200 | K113: =$C113*Assumptions!$D$17 -> 30 | L113: =$C113*Assumptions!$E$17 -> 10 | M113: =$C113*Assumptions!$G$17 -> 250 | O113: 2032 refresh 50/50 at 230 | P113: =Assumptions!$C$11*Assumptions!$C$10 -> 115 | V113: =$P113*Assumptions!$C$18 -> 115 | W113: =$P113*Assumptions!$D$18 -> 115 | X113: =$P113*Assumptions!$E$18 -> 0 | Y113: =$P113*Assumptions!$F$18 -> 0 | Z113: =$P113*Assumptions!$G$18 -> 230
B114: 2034 refresh 200/30/10/10 | C114: =Assumptions!$C$5*Assumptions!$C$8 -> 200 | K114: =$C114*Assumptions!$C$17 -> 200 | L114: =$C114*Assumptions!$D$17 -> 30 | M114: =$C114*Assumptions!$G$17 -> 250 | O114: 2033 refresh 50/50 at 230 | P114: =Assumptions!$C$11*Assumptions!$C$10 -> 115 | W114: =$P114*Assumptions!$C$18 -> 115 | X114: =$P114*Assumptions!$D$18 -> 115 | Y114: =$P114*Assumptions!$E$18 -> 0 | Z114: =$P114*Assumptions!$G$18 -> 230
B115: 2035 refresh 200/30/10/10 | C115: =Assumptions!$C$5*Assumptions!$C$8 -> 200 | L115: =$C115*Assumptions!$C$17 -> 200 | M115: =$C115*Assumptions!$G$17 -> 250 | O115: 2034 refresh 50/50 at 230 | P115: =Assumptions!$C$11*Assumptions!$C$10 -> 115 | X115: =$P115*Assumptions!$C$18 -> 115 | Y115: =$P115*Assumptions!$D$18 -> 115 | Z115: =$P115*Assumptions!$G$18 -> 230
B116: Total annual vest | C116: Total | D116: =D106+SUM(D107:D115) -> 200 | E116: =E106+SUM(E107:E115) -> 222.5 | F116: =F106+SUM(F107:F115) -> 237.5 | G116: =G106+SUM(G107:G115) -> 247.5 | H116: =H106+SUM(H107:H115) -> 250 | I116: =I106+SUM(I107:I115) -> 250 | J116: =J106+SUM(J107:J115) -> 250 | K116: =K106+SUM(K107:K115) -> 250 | L116: =L106+SUM(L107:L115) -> 250 | M116: =SUM(M107:M115) -> 2187.5 | O116: 2035 refresh 50/50 at 230 | P116: =Assumptions!$C$11*Assumptions!$C$10 -> 115 | Y116: =$P116*Assumptions!$C$18 -> 115 | Z116: =$P116*Assumptions!$G$18 -> 230
B117: % of steady-state ceiling | D117: =D116/D105 -> 1 | E117: =E116/E105 -> 1.78 | F117: =F116/F105 -> 1.9 | G117: =G116/G105 -> 1.98 | H117: =H116/H105 -> 2 | I117: =I116/I105 -> 2 | J117: =J116/J105 -> 2 | K117: =K116/K105 -> 2 | L117: =L116/L105 -> 2 | O117: Total annual vest | P117: Total | Q117: =Q106+SUM(Q107:Q116) -> 230 | R117: =R106+SUM(R107:R116) -> 230 | S117: =S106+SUM(S107:S116) -> 230 | T117: =T106+SUM(T107:T116) -> 230 | U117: =U106+SUM(U107:U116) -> 230 | V117: =V106+SUM(V107:V116) -> 230 | W117: =W106+SUM(W107:W116) -> 230 | X117: =X106+SUM(X107:X116) -> 230 | Y117: =Y106+SUM(Y107:Y116) -> 230 | Z117: =SUM(Z107:Z116) -> 2135
...

Sheet Promo before T
B2: Scenario: Promo before T
B3: Grants in rows, years in columns. Option 1 left, Option 2 right. Index: annual LTI target = 100.
B5: Persona A new hire 2027, no legacy grant transition year 2027
B6: Not applicable. The transition year is 2027, the first year of the new programme, so there is no year before it.
B9: Persona B hired 2026, 0 of target vesting in the transition year transition year 2030
B10: Option 1 100/15/5/5 | C10: Sizing | D10: 2027 | E10: 2028 | F10: 2029 | G10: 2030 | H10: 2031 | I10: 2032 | J10: 2033 | K10: 2034 | L10: 2035 | M10: Face | O10: Option 2 100/50 and 50/50 | P10: Sizing | Q10: 2027 | R10: 2028 | S10: 2029 | T10: 2030 | U10: 2031 | V10: 2032 | W10: 2033 | X10: 2034 | Y10: 2035 | Z10: Face
B11: Gap target (used only in T and promo years) | D11: =Assumptions!$C$5*Assumptions!$C$6 -> 125 | E11: =Assumptions!$C$5*Assumptions!$C$6 -> 125 | F11: =Assumptions!$C$5*Assumptions!$C$8 -> 200 | G11: =Assumptions!$C$5*Assumptions!$C$8 -> 200 | H11: =Assumptions!$C$5*Assumptions!$C$6 -> 125 | I11: =Assumptions!$C$5*Assumptions!$C$6 -> 125 | J11: =Assumptions!$C$5*Assumptions!$C$6 -> 125 | K11: =Assumptions!$C$5*Assumptions!$C$6 -> 125 | L11: =Assumptions!$C$5*Assumptions!$C$6 -> 125 | O11: Gap target (used only in T and promo years) | Q11: =Assumptions!$C$5*Assumptions!$C$6 -> 125 | R11: =Assumptions!$C$5*Assumptions!$C$6 -> 125 | S11: =Assumptions!$C$10 -> 230 | T11: =Assumptions!$C$10 -> 230 | U11: =Assumptions!$C$5*Assumptions!$C$6 -> 125 | V11: =Assumptions!$C$5*Assumptions!$C$6 -> 125 | W11: =Assumptions!$C$5*Assumptions!$C$6 -> 125 | X11: =Assumptions!$C$5*Assumptions!$C$6 -> 125 | Y11: =Assumptions!$C$5*Assumptions!$C$6 -> 125
B12: Legacy scheduled vest | D12: 100 | E12: 100 | F12: 100 | G12: 0 | H12: 0 | I12: 0 | J12: 0 | K12: 0 | L12: 0 | O12: Legacy scheduled vest | Q12: 100 | R12: 100 | S12: 100 | T12: 0 | U12: 0 | V12: 0 | W12: 0 | X12: 0 | Y12: 0
B13: 2027 pre-transition top-up | C13: =MAX(Assumptions!$C$5*Assumptions!$C$12,D11-(D12)) -> 25 | D13: =$C13*Assumptions!$C$23 -> 25 | E13: =$C13*Assumptions!$D$23 -> 3.75 | F13: =$C13*Assumptions!$E$23 -> 1.25 | G13: =$C13*Assumptions!$F$23 -> 1.25 | M13: =$C13*Assumptions!$G$23 -> 31.25 | O13: 2027 pre-transition top-up (1 year) | P13: =MAX(Assumptions!$C$5*Assumptions!$C$12,Q11-(Q12)) -> 25 | Q13: =$P13*Assumptions!$C$21 -> 25 | R13: =$P13*Assumptions!$D$21 -> 0 | S13: =$P13*Assumptions!$E$21 -> 0 | T13: =$P13*Assumptions!$F$21 -> 0 | Z13: =$P13*Assumptions!$G$21 -> 25
B14: 2028 pre-transition top-up | C14: =MAX(Assumptions!$C$5*Assumptions!$C$12,E11-(E12)) -> 25 | E14: =$C14*Assumptions!$C$23 -> 25 | F14: =$C14*Assumptions!$D$23 -> 3.75 | G14: =$C14*Assumptions!$E$23 -> 1.25 | H14: =$C14*Assumptions!$F$23 -> 1.25 | M14: =$C14*Assumptions!$G$23 -> 31.25 | O14: 2028 pre-transition top-up (1 year) | P14: =MAX(Assumptions!$C$5*Assumptions!$C$12,R11-(R12)) -> 25 | R14: =$P14*Assumptions!$C$21 -> 25 | S14: =$P14*Assumptions!$D$21 -> 0 | T14: =$P14*Assumptions!$E$21 -> 0 | U14: =$P14*Assumptions!$F$21 -> 0 | Z14: =$P14*Assumptions!$G$21 -> 25
B15: 2029 promo grant (gap to 200) | C15: =MAX(Assumptions!$C$5*Assumptions!$C$12,F11-(F12)) -> 100 | F15: =$C15*Assumptions!$C$23 -> 100 | G15: =$C15*Assumptions!$D$23 -> 15 | H15: =$C15*Assumptions!$E$23 -> 5 | I15: =$C15*Assumptions!$F$23 -> 5 | M15: =$C15*Assumptions!$G$23 -> 125 | O15: 2029 promo one-year (gap to 230) | P15: =MAX(Assumptions!$C$5*Assumptions!$C$12,S11-(S12)) -> 130 | S15: =$P15*Assumptions!$C$21 -> 130 | T15: =$P15*Assumptions!$D$21 -> 0 | U15: =$P15*Assumptions!$E$21 -> 0 | V15: =$P15*Assumptions!$F$21 -> 0 | Z15: =$P15*Assumptions!$G$21 -> 130
B16: 2030 transition 100/15/5/5 (gap to 200) | C16: =MAX(Assumptions!$C$5*Assumptions!$C$12,G11-(G12)) -> 200 | G16: =$C16*Assumptions!$C$17 -> 200 | H16: =$C16*Assumptions!$D$17 -> 30 | I16: =$C16*Assumptions!$E$17 -> 10 | J16: =$C16*Assumptions!$F$17 -> 10 | M16: =$C16*Assumptions!$G$17 -> 250 | O16: 2030 transition 100/50 at 230 | P16: =Assumptions!$C$10 -> 230 | T16: =$P16*Assumptions!$C$19 -> 230 | U16: =$P16*Assumptions!$D$19 -> 115 | V16: =$P16*Assumptions!$E$19 -> 0 | W16: =$P16*Assumptions!$F$19 -> 0 | Z16: =$P16*Assumptions!$G$19 -> 345
B17: 2031 refresh 200/30/10/10 | C17: =Assumptions!$C$5*Assumptions!$C$8 -> 200 | H17: =$C17*Assumptions!$C$17 -> 200 | I17: =$C17*Assumptions!$D$17 -> 30 | J17: =$C17*Assumptions!$E$17 -> 10 | K17: =$C17*Assumptions!$F$17 -> 10 | M17: =$C17*Assumptions!$G$17 -> 250 | O17: 2031 refresh 50/50 at 230 | P17: =Assumptions!$C$11*Assumptions!$C$10 -> 115 | U17: =$P17*Assumptions!$C$18 -> 115 | V17: =$P17*Assumptions!$D$18 -> 115 | W17: =$P17*Assumptions!$E$18 -> 0 | X17: =$P17*Assumptions!$F$18 -> 0 | Z17: =$P17*Assumptions!$G$18 -> 230
B18: 2032 refresh 200/30/10/10 | C18: =Assumptions!$C$5*Assumptions!$C$8 -> 200 | I18: =$C18*Assumptions!$C$17 -> 200 | J18: =$C18*Assumptions!$D$17 -> 30 | K18: =$C18*Assumptions!$E$17 -> 10 | L18: =$C18*Assumptions!$F$17 -> 10 | M18: =$C18*Assumptions!$G$17 -> 250 | O18: 2032 refresh 50/50 at 230 | P18: =Assumptions!$C$11*Assumptions!$C$10 -> 115 | V18: =$P18*Assumptions!$C$18 -> 115 | W18: =$P18*Assumptions!$D$18 -> 115 | X18: =$P18*Assumptions!$E$18 -> 0 | Y18: =$P18*Assumptions!$F$18 -> 0 | Z18: =$P18*Assumptions!$G$18 -> 230
B19: 2033 refresh 200/30/10/10 | C19: =Assumptions!$C$5*Assumptions!$C$8 -> 200 | J19: =$C19*Assumptions!$C$17 -> 200 | K19: =$C19*Assumptions!$D$17 -> 30 | L19: =$C19*Assumptions!$E$17 -> 10 | M19: =$C19*Assumptions!$G$17 -> 250 | O19: 2033 refresh 50/50 at 230 | P19: =Assumptions!$C$11*Assumptions!$C$10 -> 115 | W19: =$P19*Assumptions!$C$18 -> 115 | X19: =$P19*Assumptions!$D$18 -> 115 | Y19: =$P19*Assumptions!$E$18 -> 0 | Z19: =$P19*Assumptions!$G$18 -> 230
B20: 2034 refresh 200/30/10/10 | C20: =Assumptions!$C$5*Assumptions!$C$8 -> 200 | K20: =$C20*Assumptions!$C$17 -> 200 | L20: =$C20*Assumptions!$D$17 -> 30 | M20: =$C20*Assumptions!$G$17 -> 250 | O20: 2034 refresh 50/50 at 230 | P20: =Assumptions!$C$11*Assumptions!$C$10 -> 115 | X20: =$P20*Assumptions!$C$18 -> 115 | Y20: =$P20*Assumptions!$D$18 -> 115 | Z20: =$P20*Assumptions!$G$18 -> 230
B21: 2035 refresh 200/30/10/10 | C21: =Assumptions!$C$5*Assumptions!$C$8 -> 200 | L21: =$C21*Assumptions!$C$17 -> 200 | M21: =$C21*Assumptions!$G$17 -> 250 | O21: 2035 refresh 50/50 at 230 | P21: =Assumptions!$C$11*Assumptions!$C$10 -> 115 | Y21: =$P21*Assumptions!$C$18 -> 115 | Z21: =$P21*Assumptions!$G$18 -> 230
B22: Total annual vest | C22: Total | D22: =D12+SUM(D13:D21) -> 125 | E22: =E12+SUM(E13:E21) -> 128.75 | F22: =F12+SUM(F13:F21) -> 205 | G22: =G12+SUM(G13:G21) -> 217.5 | H22: =H12+SUM(H13:H21) -> 236.25 | I22: =I12+SUM(I13:I21) -> 245 | J22: =J12+SUM(J13:J21) -> 250 | K22: =K12+SUM(K13:K21) -> 250 | L22: =L12+SUM(L13:L21) -> 250 | M22: =SUM(M13:M21) -> 1687.5 | O22: Total annual vest | P22: Total | Q22: =Q12+SUM(Q13:Q21) -> 125 | R22: =R12+SUM(R13:R21) -> 125 | S22: =S12+SUM(S13:S21) -> 230 | T22: =T12+SUM(T13:T21) -> 230 | U22: =U12+SUM(U13:U21) -> 230 | V22: =V12+SUM(V13:V21) -> 230 | W22: =W12+SUM(W13:W21) -> 230 | X22: =X12+SUM(X13:X21) -> 230 | Y22: =Y12+SUM(Y13:Y21) -> 230 | Z22: =SUM(Z13:Z21) -> 1675
B23: % of steady-state ceiling | D23: =D22/D11 -> 1 | E23: =E22/E11 -> 1.03 | F23: =F22/F11 -> 1.025 | G23: =G22/G11 -> 1.0875 | H23: =H22/H11 -> 1.89 | I23: =I22/I11 -> 1.96 | J23: =J22/J11 -> 2 | K23: =K22/K11 -> 2 | L23: =L22/L11 -> 2 | O23: % of steady-state ceiling | Q23: =Q22/Q11 -> 1 | R23: =R22/R11 -> 1 | S23: =S22/S11 -> 1 | T23: =T22/T11 -> 1 | U23: =U22/U11 -> 1.84 | V23: =V22/V11 -> 1.84 | W23: =W22/W11 -> 1.84 | X23: =X22/X11 -> 1.84 | Y23: =Y22/Y11 -> 1.84
B24: Change vs prior year | D24: =D22-Assumptions!$C$5 -> 25 | E24: =E22-D22 -> 3.75 | F24: =F22-E22 -> 76.25 | G24: =G22-F22 -> 12.5 | H24: =H22-G22 -> 18.75 | I24: =I22-H22 -> 8.75 | J24: =J22-I22 -> 5 | K24: =K22-J22 -> 0 | L24: =L22-K22 -> 0 | O24: Change vs prior year | Q24: =Q22-Assumptions!$C$5 -> 25 | R24: =R22-Q22 -> 0 | S24: =S22-R22 -> 105 | T24: =T22-S22 -> 0 | U24: =U22-T22 -> 0 | V24: =V22-U22 -> 0 | W24: =W22-V22 -> 0 | X24: =X22-W22 -> 0 | Y24: =Y22-X22 -> 0
B28: Persona C hired 2026, 25 of target vesting in the transition year transition year 2030
B29: Option 1 100/15/5/5 | C29: Sizing | D29: 2027 | E29: 2028 | F29: 2029 | G29: 2030 | H29: 2031 | I29: 2032 | J29: 2033 | K29: 2034 | L29: 2035 | M29: Face | O29: Option 2 100/50 and 50/50 | P29: Sizing | Q29: 2027 | R29: 2028 | S29: 2029 | T29: 2030 | U29: 2031 | V29: 2032 | W29: 2033 | X29: 2034 | Y29: 2035 | Z29: Face
B30: Gap target (used only in T and promo years) | D30: =Assumptions!$C$5*Assumptions!$C$6 -> 125 | E30: =Assumptions!$C$5*Assumptions!$C$6 -> 125 | F30: =Assumptions!$C$5*Assumptions!$C$8 -> 200 | G30: =Assumptions!$C$5*Assumptions!$C$8 -> 200 | H30: =Assumptions!$C$5*Assumptions!$C$6 -> 125 | I30: =Assumptions!$C$5*Assumptions!$C$6 -> 125 | J30: =Assumptions!$C$5*Assumptions!$C$6 -> 125 | K30: =Assumptions!$C$5*Assumptions!$C$6 -> 125 | L30: =Assumptions!$C$5*Assumptions!$C$6 -> 125 | O30: Gap target (used only in T and promo years) | Q30: =Assumptions!$C$5*Assumptions!$C$6 -> 125 | R30: =Assumptions!$C$5*Assumptions!$C$6 -> 125 | S30: =Assumptions!$C$10 -> 230 | T30: =Assumptions!$C$10 -> 230 | U30: =Assumptions!$C$5*Assumptions!$C$6 -> 125 | V30: =Assumptions!$C$5*Assumptions!$C$6 -> 125 | W30: =Assumptions!$C$5*Assumptions!$C$6 -> 125 | X30: =Assumptions!$C$5*Assumptions!$C$6 -> 125 | Y30: =Assumptions!$C$5*Assumptions!$C$6 -> 125
B31: Legacy scheduled vest | D31: 100 | E31: 100 | F31: 100 | G31: 25 | H31: 0 | I31: 0 | J31: 0 | K31: 0 | L31: 0 | O31: Legacy scheduled vest | Q31: 100 | R31: 100 | S31: 100 | T31: 25 | U31: 0 | V31: 0 | W31: 0 | X31: 0 | Y31: 0
B32: 2027 pre-transition top-up | C32: =MAX(Assumptions!$C$5*Assumptions!$C$12,D30-(D31)) -> 25 | D32: =$C32*Assumptions!$C$23 -> 25 | E32: =$C32*Assumptions!$D$23 -> 3.75 | F32: =$C32*Assumptions!$E$23 -> 1.25 | G32: =$C32*Assumptions!$F$23 -> 1.25 | M32: =$C32*Assumptions!$G$23 -> 31.25 | O32: 2027 pre-transition top-up (1 year) | P32: =MAX(Assumptions!$C$5*Assumptions!$C$12,Q30-(Q31)) -> 25 | Q32: =$P32*Assumptions!$C$21 -> 25 | R32: =$P32*Assumptions!$D$21 -> 0 | S32: =$P32*Assumptions!$E$21 -> 0 | T32: =$P32*Assumptions!$F$21 -> 0 | Z32: =$P32*Assumptions!$G$21 -> 25
B33: 2028 pre-transition top-up | C33: =MAX(Assumptions!$C$5*Assumptions!$C$12,E30-(E31)) -> 25 | E33: =$C33*Assumptions!$C$23 -> 25 | F33: =$C33*Assumptions!$D$23 -> 3.75 | G33: =$C33*Assumptions!$E$23 -> 1.25 | H33: =$C33*Assumptions!$F$23 -> 1.25 | M33: =$C33*Assumptions!$G$23 -> 31.25 | O33: 2028 pre-transition top-up (1 year) | P33: =MAX(Assumptions!$C$5*Assumptions!$C$12,R30-(R31)) -> 25 | R33: =$P33*Assumptions!$C$21 -> 25 | S33: =$P33*Assumptions!$D$21 -> 0 | T33: =$P33*Assumptions!$E$21 -> 0 | U33: =$P33*Assumptions!$F$21 -> 0 | Z33: =$P33*Assumptions!$G$21 -> 25
B34: 2029 promo grant (gap to 200) | C34: =MAX(Assumptions!$C$5*Assumptions!$C$12,F30-(F31)) -> 100 | F34: =$C34*Assumptions!$C$23 -> 100 | G34: =$C34*Assumptions!$D$23 -> 15 | H34: =$C34*Assumptions!$E$23 -> 5 | I34: =$C34*Assumptions!$F$23 -> 5 | M34: =$C34*Assumptions!$G$23 -> 125 | O34: 2029 promo one-year (gap to 230) | P34: =MAX(Assumptions!$C$5*Assumptions!$C$12,S30-(S31)) -> 130 | S34: =$P34*Assumptions!$C$21 -> 130 | T34: =$P34*Assumptions!$D$21 -> 0 | U34: =$P34*Assumptions!$E$21 -> 0 | V34: =$P34*Assumptions!$F$21 -> 0 | Z34: =$P34*Assumptions!$G$21 -> 130
B35: 2030 transition 100/15/5/5 (gap to 200) | C35: =MAX(Assumptions!$C$5*Assumptions!$C$12,G30-(G31)) -> 175 | G35: =$C35*Assumptions!$C$17 -> 175 | H35: =$C35*Assumptions!$D$17 -> 26.25 | I35: =$C35*Assumptions!$E$17 -> 8.75 | J35: =$C35*Assumptions!$F$17 -> 8.75 | M35: =$C35*Assumptions!$G$17 -> 218.75 | O35: 2030 transition Grant 1 (gap) | P35: =T30-(T31+$P36) -> 90 | T35: =$P35*Assumptions!$C$21 -> 90 | U35: =$P35*Assumptions!$D$21 -> 0 | V35: =$P35*Assumptions!$E$21 -> 0 | W35: =$P35*Assumptions!$F$21 -> 0 | Z35: =$P35*Assumptions!$G$21 -> 90
B36: 2031 refresh 200/30/10/10 | C36: =Assumptions!$C$5*Assumptions!$C$8 -> 200 | H36: =$C36*Assumptions!$C$17 -> 200 | I36: =$C36*Assumptions!$D$17 -> 30 | J36: =$C36*Assumptions!$E$17 -> 10 | K36: =$C36*Assumptions!$F$17 -> 10 | M36: =$C36*Assumptions!$G$17 -> 250 | O36: 2030 transition Grant 2 2-yr equal | P36: =Assumptions!$C$11*Assumptions!$C$10 -> 115 | T36: =$P36*Assumptions!$C$18 -> 115 | U36: =$P36*Assumptions!$D$18 -> 115 | V36: =$P36*Assumptions!$E$18 -> 0 | W36: =$P36*Assumptions!$F$18 -> 0 | Z36: =$P36*Assumptions!$G$18 -> 230
B37: 2032 refresh 200/30/10/10 | C37: =Assumptions!$C$5*Assumptions!$C$8 -> 200 | I37: =$C37*Assumptions!$C$17 -> 200 | J37: =$C37*Assumptions!$D$17 -> 30 | K37: =$C37*Assumptions!$E$17 -> 10 | L37: =$C37*Assumptions!$F$17 -> 10 | M37: =$C37*Assumptions!$G$17 -> 250 | O37: 2031 refresh 50/50 at 230 | P37: =Assumptions!$C$11*Assumptions!$C$10 -> 115 | U37: =$P37*Assumptions!$C$18 -> 115 | V37: =$P37*Assumptions!$D$18 -> 115 | W37: =$P37*Assumptions!$E$18 -> 0 | X37: =$P37*Assumptions!$F$18 -> 0 | Z37: =$P37*Assumptions!$G$18 -> 230
B38: 2033 refresh 200/30/10/10 | C38: =Assumptions!$C$5*Assumptions!$C$8 -> 200 | J38: =$C38*Assumptions!$C$17 -> 200 | K38: =$C38*Assumptions!$D$17 -> 30 | L38: =$C38*Assumptions!$E$17 -> 10 | M38: =$C38*Assumptions!$G$17 -> 250 | O38: 2032 refresh 50/50 at 230 | P38: =Assumptions!$C$11*Assumptions!$C$10 -> 115 | V38: =$P38*Assumptions!$C$18 -> 115 | W38: =$P38*Assumptions!$D$18 -> 115 | X38: =$P38*Assumptions!$E$18 -> 0 | Y38: =$P38*Assumptions!$F$18 -> 0 | Z38: =$P38*Assumptions!$G$18 -> 230
B39: 2034 refresh 200/30/10/10 | C39: =Assumptions!$C$5*Assumptions!$C$8 -> 200 | K39: =$C39*Assumptions!$C$17 -> 200 | L39: =$C39*Assumptions!$D$17 -> 30 | M39: =$C39*Assumptions!$G$17 -> 250 | O39: 2033 refresh 50/50 at 230 | P39: =Assumptions!$C$11*Assumptions!$C$10 -> 115 | W39: =$P39*Assumptions!$C$18 -> 115 | X39: =$P39*Assumptions!$D$18 -> 115 | Y39: =$P39*Assumptions!$E$18 -> 0 | Z39: =$P39*Assumptions!$G$18 -> 230
B40: 2035 refresh 200/30/10/10 | C40: =Assumptions!$C$5*Assumptions!$C$8 -> 200 | L40: =$C40*Assumptions!$C$17 -> 200 | M40: =$C40*Assumptions!$G$17 -> 250 | O40: 2034 refresh 50/50 at 230 | P40: =Assumptions!$C$11*Assumptions!$C$10 -> 115 | X40: =$P40*Assumptions!$C$18 -> 115 | Y40: =$P40*Assumptions!$D$18 -> 115 | Z40: =$P40*Assumptions!$G$18 -> 230
B41: Total annual vest | C41: Total | D41: =D31+SUM(D32:D40) -> 125 | E41: =E31+SUM(E32:E40) -> 128.75 | F41: =F31+SUM(F32:F40) -> 205 | G41: =G31+SUM(G32:G40) -> 217.5 | H41: =H31+SUM(H32:H40) -> 232.5 | I41: =I31+SUM(I32:I40) -> 243.75 | J41: =J31+SUM(J32:J40) -> 248.75 | K41: =K31+SUM(K32:K40) -> 250 | L41: =L31+SUM(L32:L40) -> 250 | M41: =SUM(M32:M40) -> 1656.25 | O41: 2035 refresh 50/50 at 230 | P41: =Assumptions!$C$11*Assumptions!$C$10 -> 115 | Y41: =$P41*Assumptions!$C$18 -> 115 | Z41: =$P41*Assumptions!$G$18 -> 230
B42: % of steady-state ceiling | D42: =D41/D30 -> 1 | E42: =E41/E30 -> 1.03 | F42: =F41/F30 -> 1.025 | G42: =G41/G30 -> 1.0875 | H42: =H41/H30 -> 1.86 | I42: =I41/I30 -> 1.95 | J42: =J41/J30 -> 1.99 | K42: =K41/K30 -> 2 | L42: =L41/L30 -> 2 | O42: Total annual vest | P42: Total | Q42: =Q31+SUM(Q32:Q41) -> 125 | R42: =R31+SUM(R32:R41) -> 125 | S42: =S31+SUM(S32:S41) -> 230 | T42: =T31+SUM(T32:T41) -> 230 | U42: =U31+SUM(U32:U41) -> 230 | V42: =V31+SUM(V32:V41) -> 230 | W42: =W31+SUM(W32:W41) -> 230 | X42: =X31+SUM(X32:X41) -> 230 | Y42: =Y31+SUM(Y32:Y41) -> 230 | Z42: =SUM(Z32:Z41) -> 1650
B43: Change vs prior year | D43: =D41-Assumptions!$C$5 -> 25 | E43: =E41-D41 -> 3.75 | F43: =F41-E41 -> 76.25 | G43: =G41-F41 -> 12.5 | H43: =H41-G41 -> 15 | I43: =I41-H41 -> 11.25 | J43: =J41-I41 -> 5 | K43: =K41-J41 -> 1.25 | L43: =L41-K41 -> 0 | O43: % of steady-state ceiling | Q43: =Q42/Q30 -> 1 | R43: =R42/R30 -> 1 | S43: =S42/S30 -> 1 | T43: =T42/T30 -> 1 | U43: =U42/U30 -> 1.84 | V43: =V42/V30 -> 1.84 | W43: =W42/W30 -> 1.84 | X43: =X42/X30 -> 1.84 | Y43: =Y42/Y30 -> 1.84
O44: Change vs prior year | Q44: =Q42-Assumptions!$C$5 -> 25 | R44: =R42-Q42 -> 0 | S44: =S42-R42 -> 105 | T44: =T42-S42 -> 0 | U44: =U42-T42 -> 0 | V44: =V42-U42 -> 0 | W44: =W42-V42 -> 0 | X44: =X42-W42 -> 0 | Y44: =Y42-X42 -> 0
B48: Persona D hired 2026, 50 of target vesting in the transition year transition year 2030
B49: Option 1 100/15/5/5 | C49: Sizing | D49: 2027 | E49: 2028 | F49: 2029 | G49: 2030 | H49: 2031 | I49: 2032 | J49: 2033 | K49: 2034 | L49: 2035 | M49: Face | O49: Option 2 100/50 and 50/50 | P49: Sizing | Q49: 2027 | R49: 2028 | S49: 2029 | T49: 2030 | U49: 2031 | V49: 2032 | W49: 2033 | X49: 2034 | Y49: 2035 | Z49: Face
B50: Gap target (used only in T and promo years) | D50: =Assumptions!$C$5*Assumptions!$C$6 -> 125 | E50: =Assumptions!$C$5*Assumptions!$C$6 -> 125 | F50: =Assumptions!$C$5*Assumptions!$C$8 -> 200 | G50: =Assumptions!$C$5*Assumptions!$C$8 -> 200 | H50: =Assumptions!$C$5*Assumptions!$C$6 -> 125 | I50: =Assumptions!$C$5*Assumptions!$C$6 -> 125 | J50: =Assumptions!$C$5*Assumptions!$C$6 -> 125 | K50: =Assumptions!$C$5*Assumptions!$C$6 -> 125 | L50: =Assumptions!$C$5*Assumptions!$C$6 -> 125 | O50: Gap target (used only in T and promo years) | Q50: =Assumptions!$C$5*Assumptions!$C$6 -> 125 | R50: =Assumptions!$C$5*Assumptions!$C$6 -> 125 | S50: =Assumptions!$C$10 -> 230 | T50: =Assumptions!$C$10 -> 230 | U50: =Assumptions!$C$5*Assumptions!$C$6 -> 125 | V50: =Assumptions!$C$5*Assumptions!$C$6 -> 125 | W50: =Assumptions!$C$5*Assumptions!$C$6 -> 125 | X50: =Assumptions!$C$5*Assumptions!$C$6 -> 125 | Y50: =Assumptions!$C$5*Assumptions!$C$6 -> 125
B51: Legacy scheduled vest | D51: 100 | E51: 100 | F51: 100 | G51: 50 | H51: 0 | I51: 0 | J51: 0 | K51: 0 | L51: 0 | O51: Legacy scheduled vest | Q51: 100 | R51: 100 | S51: 100 | T51: 50 | U51: 0 | V51: 0 | W51: 0 | X51: 0 | Y51: 0
B52: 2027 pre-transition top-up | C52: =MAX(Assumptions!$C$5*Assumptions!$C$12,D50-(D51)) -> 25 | D52: =$C52*Assumptions!$C$23 -> 25 | E52: =$C52*Assumptions!$D$23 -> 3.75 | F52: =$C52*Assumptions!$E$23 -> 1.25 | G52: =$C52*Assumptions!$F$23 -> 1.25 | M52: =$C52*Assumptions!$G$23 -> 31.25 | O52: 2027 pre-transition top-up (1 year) | P52: =MAX(Assumptions!$C$5*Assumptions!$C$12,Q50-(Q51)) -> 25 | Q52: =$P52*Assumptions!$C$21 -> 25 | R52: =$P52*Assumptions!$D$21 -> 0 | S52: =$P52*Assumptions!$E$21 -> 0 | T52: =$P52*Assumptions!$F$21 -> 0 | Z52: =$P52*Assumptions!$G$21 -> 25
B53: 2028 pre-transition top-up | C53: =MAX(Assumptions!$C$5*Assumptions!$C$12,E50-(E51)) -> 25 | E53: =$C53*Assumptions!$C$23 -> 25 | F53: =$C53*Assumptions!$D$23 -> 3.75 | G53: =$C53*Assumptions!$E$23 -> 1.25 | H53: =$C53*Assumptions!$F$23 -> 1.25 | M53: =$C53*Assumptions!$G$23 -> 31.25 | O53: 2028 pre-transition top-up (1 year) | P53: =MAX(Assumptions!$C$5*Assumptions!$C$12,R50-(R51)) -> 25 | R53: =$P53*Assumptions!$C$21 -> 25 | S53: =$P53*Assumptions!$D$21 -> 0 | T53: =$P53*Assumptions!$E$21 -> 0 | U53: =$P53*Assumptions!$F$21 -> 0 | Z53: =$P53*Assumptions!$G$21 -> 25
B54: 2029 promo grant (gap to 200) | C54: =MAX(Assumptions!$C$5*Assumptions!$C$12,F50-(F51)) -> 100 | F54: =$C54*Assumptions!$C$23 -> 100 | G54: =$C54*Assumptions!$D$23 -> 15 | H54: =$C54*Assumptions!$E$23 -> 5 | I54: =$C54*Assumptions!$F$23 -> 5 | M54: =$C54*Assumptions!$G$23 -> 125 | O54: 2029 promo one-year (gap to 230) | P54: =MAX(Assumptions!$C$5*Assumptions!$C$12,S50-(S51)) -> 130 | S54: =$P54*Assumptions!$C$21 -> 130 | T54: =$P54*Assumptions!$D$21 -> 0 | U54: =$P54*Assumptions!$E$21 -> 0 | V54: =$P54*Assumptions!$F$21 -> 0 | Z54: =$P54*Assumptions!$G$21 -> 130
B55: 2030 transition 100/15/5/5 (gap to 200) | C55: =MAX(Assumptions!$C$5*Assumptions!$C$12,G50-(G51)) -> 150 | G55: =$C55*Assumptions!$C$17 -> 150 | H55: =$C55*Assumptions!$D$17 -> 22.5 | I55: =$C55*Assumptions!$E$17 -> 7.5 | J55: =$C55*Assumptions!$F$17 -> 7.5 | M55: =$C55*Assumptions!$G$17 -> 187.5 | O55: 2030 transition Grant 1 (gap) | P55: =T50-(T51+$P56) -> 65 | T55: =$P55*Assumptions!$C$21 -> 65 | U55: =$P55*Assumptions!$D$21 -> 0 | V55: =$P55*Assumptions!$E$21 -> 0 | W55: =$P55*Assumptions!$F$21 -> 0 | Z55: =$P55*Assumptions!$G$21 -> 65
B56: 2031 refresh 200/30/10/10 | C56: =Assumptions!$C$5*Assumptions!$C$8 -> 200 | H56: =$C56*Assumptions!$C$17 -> 200 | I56: =$C56*Assumptions!$D$17 -> 30 | J56: =$C56*Assumptions!$E$17 -> 10 | K56: =$C56*Assumptions!$F$17 -> 10 | M56: =$C56*Assumptions!$G$17 -> 250 | O56: 2030 transition Grant 2 2-yr equal | P56: =Assumptions!$C$11*Assumptions!$C$10 -> 115 | T56: =$P56*Assumptions!$C$18 -> 115 | U56: =$P56*Assumptions!$D$18 -> 115 | V56: =$P56*Assumptions!$E$18 -> 0 | W56: =$P56*Assumptions!$F$18 -> 0 | Z56: =$P56*Assumptions!$G$18 -> 230
B57: 2032 refresh 200/30/10/10 | C57: =Assumptions!$C$5*Assumptions!$C$8 -> 200 | I57: =$C57*Assumptions!$C$17 -> 200 | J57: =$C57*Assumptions!$D$17 -> 30 | K57: =$C57*Assumptions!$E$17 -> 10 | L57: =$C57*Assumptions!$F$17 -> 10 | M57: =$C57*Assumptions!$G$17 -> 250 | O57: 2031 refresh 50/50 at 230 | P57: =Assumptions!$C$11*Assumptions!$C$10 -> 115 | U57: =$P57*Assumptions!$C$18 -> 115 | V57: =$P57*Assumptions!$D$18 -> 115 | W57: =$P57*Assumptions!$E$18 -> 0 | X57: =$P57*Assumptions!$F$18 -> 0 | Z57: =$P57*Assumptions!$G$18 -> 230
B58: 2033 refresh 200/30/10/10 | C58: =Assumptions!$C$5*Assumptions!$C$8 -> 200 | J58: =$C58*Assumptions!$C$17 -> 200 | K58: =$C58*Assumptions!$D$17 -> 30 | L58: =$C58*Assumptions!$E$17 -> 10 | M58: =$C58*Assumptions!$G$17 -> 250 | O58: 2032 refresh 50/50 at 230 | P58: =Assumptions!$C$11*Assumptions!$C$10 -> 115 | V58: =$P58*Assumptions!$C$18 -> 115 | W58: =$P58*Assumptions!$D$18 -> 115 | X58: =$P58*Assumptions!$E$18 -> 0 | Y58: =$P58*Assumptions!$F$18 -> 0 | Z58: =$P58*Assumptions!$G$18 -> 230
B59: 2034 refresh 200/30/10/10 | C59: =Assumptions!$C$5*Assumptions!$C$8 -> 200 | K59: =$C59*Assumptions!$C$17 -> 200 | L59: =$C59*Assumptions!$D$17 -> 30 | M59: =$C59*Assumptions!$G$17 -> 250 | O59: 2033 refresh 50/50 at 230 | P59: =Assumptions!$C$11*Assumptions!$C$10 -> 115 | W59: =$P59*Assumptions!$C$18 -> 115 | X59: =$P59*Assumptions!$D$18 -> 115 | Y59: =$P59*Assumptions!$E$18 -> 0 | Z59: =$P59*Assumptions!$G$18 -> 230
B60: 2035 refresh 200/30/10/10 | C60: =Assumptions!$C$5*Assumptions!$C$8 -> 200 | L60: =$C60*Assumptions!$C$17 -> 200 | M60: =$C60*Assumptions!$G$17 -> 250 | O60: 2034 refresh 50/50 at 230 | P60: =Assumptions!$C$11*Assumptions!$C$10 -> 115 | X60: =$P60*Assumptions!$C$18 -> 115 | Y60: =$P60*Assumptions!$D$18 -> 115 | Z60: =$P60*Assumptions!$G$18 -> 230
B61: Total annual vest | C61: Total | D61: =D51+SUM(D52:D60) -> 125 | E61: =E51+SUM(E52:E60) -> 128.75 | F61: =F51+SUM(F52:F60) -> 205 | G61: =G51+SUM(G52:G60) -> 217.5 | H61: =H51+SUM(H52:H60) -> 228.75 | I61: =I51+SUM(I52:I60) -> 242.5 | J61: =J51+SUM(J52:J60) -> 247.5 | K61: =K51+SUM(K52:K60) -> 250 | L61: =L51+SUM(L52:L60) -> 250 | M61: =SUM(M52:M60) -> 1625 | O61: 2035 refresh 50/50 at 230 | P61: =Assumptions!$C$11*Assumptions!$C$10 -> 115 | Y61: =$P61*Assumptions!$C$18 -> 115 | Z61: =$P61*Assumptions!$G$18 -> 230
B62: % of steady-state ceiling | D62: =D61/D50 -> 1 | E62: =E61/E50 -> 1.03 | F62: =F61/F50 -> 1.025 | G62: =G61/G50 -> 1.0875 | H62: =H61/H50 -> 1.83 | I62: =I61/I50 -> 1.94 | J62: =J61/J50 -> 1.98 | K62: =K61/K50 -> 2 | L62: =L61/L50 -> 2 | O62: Total annual vest | P62: Total | Q62: =Q51+SUM(Q52:Q61) -> 125 | R62: =R51+SUM(R52:R61) -> 125 | S62: =S51+SUM(S52:S61) -> 230 | T62: =T51+SUM(T52:T61) -> 230 | U62: =U51+SUM(U52:U61) -> 230 | V62: =V51+SUM(V52:V61) -> 230 | W62: =W51+SUM(W52:W61) -> 230 | X62: =X51+SUM(X52:X61) -> 230 | Y62: =Y51+SUM(Y52:Y61) -> 230 | Z62: =SUM(Z52:Z61) -> 1625
B63: Change vs prior year | D63: =D61-Assumptions!$C$5 -> 25 | E63: =E61-D61 -> 3.75 | F63: =F61-E61 -> 76.25 | G63: =G61-F61 -> 12.5 | H63: =H61-G61 -> 11.25 | I63: =I61-H61 -> 13.75 | J63: =J61-I61 -> 5 | K63: =K61-J61 -> 2.5 | L63: =L61-K61 -> 0 | O63: % of steady-state ceiling | Q63: =Q62/Q50 -> 1 | R63: =R62/R50 -> 1 | S63: =S62/S50 -> 1 | T63: =T62/T50 -> 1 | U63: =U62/U50 -> 1.84 | V63: =V62/V50 -> 1.84 | W63: =W62/W50 -> 1.84 | X63: =X62/X50 -> 1.84 | Y63: =Y62/Y50 -> 1.84
O64: Change vs prior year | Q64: =Q62-Assumptions!$C$5 -> 25 | R64: =R62-Q62 -> 0 | S64: =S62-R62 -> 105 | T64: =T62-S62 -> 0 | U64: =U62-T62 -> 0 | V64: =V62-U62 -> 0 | W64: =W62-V62 -> 0 | X64: =X62-W62 -> 0 | Y64: =Y62-X62 -> 0
B68: Persona E hired 2026, 75 of target vesting in the transition year transition year 2030
B69: Option 1 100/15/5/5 | C69: Sizing | D69: 2027 | E69: 2028 | F69: 2029 | G69: 2030 | H69: 2031 | I69: 2032 | J69: 2033 | K69: 2034 | L69: 2035 | M69: Face | O69: Option 2 100/50 and 50/50 | P69: Sizing | Q69: 2027 | R69: 2028 | S69: 2029 | T69: 2030 | U69: 2031 | V69: 2032 | W69: 2033 | X69: 2034 | Y69: 2035 | Z69: Face
B70: Gap target (used only in T and promo years) | D70: =Assumptions!$C$5*Assumptions!$C$6 -> 125 | E70: =Assumptions!$C$5*Assumptions!$C$6 -> 125 | F70: =Assumptions!$C$5*Assumptions!$C$8 -> 200 | G70: =Assumptions!$C$5*Assumptions!$C$8 -> 200 | H70: =Assumptions!$C$5*Assumptions!$C$6 -> 125 | I70: =Assumptions!$C$5*Assumptions!$C$6 -> 125 | J70: =Assumptions!$C$5*Assumptions!$C$6 -> 125 | K70: =Assumptions!$C$5*Assumptions!$C$6 -> 125 | L70: =Assumptions!$C$5*Assumptions!$C$6 -> 125 | O70: Gap target (used only in T and promo years) | Q70: =Assumptions!$C$5*Assumptions!$C$6 -> 125 | R70: =Assumptions!$C$5*Assumptions!$C$6 -> 125 | S70: =Assumptions!$C$10 -> 230 | T70: =Assumptions!$C$10 -> 230 | U70: =Assumptions!$C$5*Assumptions!$C$6 -> 125 | V70: =Assumptions!$C$5*Assumptions!$C$6 -> 125 | W70: =Assumptions!$C$5*Assumptions!$C$6 -> 125 | X70: =Assumptions!$C$5*Assumptions!$C$6 -> 125 | Y70: =Assumptions!$C$5*Assumptions!$C$6 -> 125
B71: Legacy scheduled vest | D71: 100 | E71: 100 | F71: 100 | G71: 75 | H71: 0 | I71: 0 | J71: 0 | K71: 0 | L71: 0 | O71: Legacy scheduled vest | Q71: 100 | R71: 100 | S71: 100 | T71: 75 | U71: 0 | V71: 0 | W71: 0 | X71: 0 | Y71: 0
B72: 2027 pre-transition top-up | C72: =MAX(Assumptions!$C$5*Assumptions!$C$12,D70-(D71)) -> 25 | D72: =$C72*Assumptions!$C$23 -> 25 | E72: =$C72*Assumptions!$D$23 -> 3.75 | F72: =$C72*Assumptions!$E$23 -> 1.25 | G72: =$C72*Assumptions!$F$23 -> 1.25 | M72: =$C72*Assumptions!$G$23 -> 31.25 | O72: 2027 pre-transition top-up (1 year) | P72: =MAX(Assumptions!$C$5*Assumptions!$C$12,Q70-(Q71)) -> 25 | Q72: =$P72*Assumptions!$C$21 -> 25 | R72: =$P72*Assumptions!$D$21 -> 0 | S72: =$P72*Assumptions!$E$21 -> 0 | T72: =$P72*Assumptions!$F$21 -> 0 | Z72: =$P72*Assumptions!$G$21 -> 25
B73: 2028 pre-transition top-up | C73: =MAX(Assumptions!$C$5*Assumptions!$C$12,E70-(E71)) -> 25 | E73: =$C73*Assumptions!$C$23 -> 25 | F73: =$C73*Assumptions!$D$23 -> 3.75 | G73: =$C73*Assumptions!$E$23 -> 1.25 | H73: =$C73*Assumptions!$F$23 -> 1.25 | M73: =$C73*Assumptions!$G$23 -> 31.25 | O73: 2028 pre-transition top-up (1 year) | P73: =MAX(Assumptions!$C$5*Assumptions!$C$12,R70-(R71)) -> 25 | R73: =$P73*Assumptions!$C$21 -> 25 | S73: =$P73*Assumptions!$D$21 -> 0 | T73: =$P73*Assumptions!$E$21 -> 0 | U73: =$P73*Assumptions!$F$21 -> 0 | Z73: =$P73*Assumptions!$G$21 -> 25
B74: 2029 promo grant (gap to 200) | C74: =MAX(Assumptions!$C$5*Assumptions!$C$12,F70-(F71)) -> 100 | F74: =$C74*Assumptions!$C$23 -> 100 | G74: =$C74*Assumptions!$D$23 -> 15 | H74: =$C74*Assumptions!$E$23 -> 5 | I74: =$C74*Assumptions!$F$23 -> 5 | M74: =$C74*Assumptions!$G$23 -> 125 | O74: 2029 promo one-year (gap to 230) | P74: =MAX(Assumptions!$C$5*Assumptions!$C$12,S70-(S71)) -> 130 | S74: =$P74*Assumptions!$C$21 -> 130 | T74: =$P74*Assumptions!$D$21 -> 0 | U74: =$P74*Assumptions!$E$21 -> 0 | V74: =$P74*Assumptions!$F$21 -> 0 | Z74: =$P74*Assumptions!$G$21 -> 130
B75: 2030 transition 100/15/5/5 (gap to 200) | C75: =MAX(Assumptions!$C$5*Assumptions!$C$12,G70-(G71)) -> 125 | G75: =$C75*Assumptions!$C$17 -> 125 | H75: =$C75*Assumptions!$D$17 -> 18.75 | I75: =$C75*Assumptions!$E$17 -> 6.25 | J75: =$C75*Assumptions!$F$17 -> 6.25 | M75: =$C75*Assumptions!$G$17 -> 156.25 | O75: 2030 transition Grant 1 (gap) | P75: =T70-(T71+$P76) -> 40 | T75: =$P75*Assumptions!$C$21 -> 40 | U75: =$P75*Assumptions!$D$21 -> 0 | V75: =$P75*Assumptions!$E$21 -> 0 | W75: =$P75*Assumptions!$F$21 -> 0 | Z75: =$P75*Assumptions!$G$21 -> 40
B76: 2031 refresh 200/30/10/10 | C76: =Assumptions!$C$5*Assumptions!$C$8 -> 200 | H76: =$C76*Assumptions!$C$17 -> 200 | I76: =$C76*Assumptions!$D$17 -> 30 | J76: =$C76*Assumptions!$E$17 -> 10 | K76: =$C76*Assumptions!$F$17 -> 10 | M76: =$C76*Assumptions!$G$17 -> 250 | O76: 2030 transition Grant 2 2-yr equal | P76: =Assumptions!$C$11*Assumptions!$C$10 -> 115 | T76: =$P76*Assumptions!$C$18 -> 115 | U76: =$P76*Assumptions!$D$18 -> 115 | V76: =$P76*Assumptions!$E$18 -> 0 | W76: =$P76*Assumptions!$F$18 -> 0 | Z76: =$P76*Assumptions!$G$18 -> 230
B77: 2032 refresh 200/30/10/10 | C77: =Assumptions!$C$5*Assumptions!$C$8 -> 200 | I77: =$C77*Assumptions!$C$17 -> 200 | J77: =$C77*Assumptions!$D$17 -> 30 | K77: =$C77*Assumptions!$E$17 -> 10 | L77: =$C77*Assumptions!$F$17 -> 10 | M77: =$C77*Assumptions!$G$17 -> 250 | O77: 2031 refresh 50/50 at 230 | P77: =Assumptions!$C$11*Assumptions!$C$10 -> 115 | U77: =$P77*Assumptions!$C$18 -> 115 | V77: =$P77*Assumptions!$D$18 -> 115 | W77: =$P77*Assumptions!$E$18 -> 0 | X77: =$P77*Assumptions!$F$18 -> 0 | Z77: =$P77*Assumptions!$G$18 -> 230
B78: 2033 refresh 200/30/10/10 | C78: =Assumptions!$C$5*Assumptions!$C$8 -> 200 | J78: =$C78*Assumptions!$C$17 -> 200 | K78: =$C78*Assumptions!$D$17 -> 30 | L78: =$C78*Assumptions!$E$17 -> 10 | M78: =$C78*Assumptions!$G$17 -> 250 | O78: 2032 refresh 50/50 at 230 | P78: =Assumptions!$C$11*Assumptions!$C$10 -> 115 | V78: =$P78*Assumptions!$C$18 -> 115 | W78: =$P78*Assumptions!$D$18 -> 115 | X78: =$P78*Assumptions!$E$18 -> 0 | Y78: =$P78*Assumptions!$F$18 -> 0 | Z78: =$P78*Assumptions!$G$18 -> 230
B79: 2034 refresh 200/30/10/10 | C79: =Assumptions!$C$5*Assumptions!$C$8 -> 200 | K79: =$C79*Assumptions!$C$17 -> 200 | L79: =$C79*Assumptions!$D$17 -> 30 | M79: =$C79*Assumptions!$G$17 -> 250 | O79: 2033 refresh 50/50 at 230 | P79: =Assumptions!$C$11*Assumptions!$C$10 -> 115 | W79: =$P79*Assumptions!$C$18 -> 115 | X79: =$P79*Assumptions!$D$18 -> 115 | Y79: =$P79*Assumptions!$E$18 -> 0 | Z79: =$P79*Assumptions!$G$18 -> 230
B80: 2035 refresh 200/30/10/10 | C80: =Assumptions!$C$5*Assumptions!$C$8 -> 200 | L80: =$C80*Assumptions!$C$17 -> 200 | M80: =$C80*Assumptions!$G$17 -> 250 | O80: 2034 refresh 50/50 at 230 | P80: =Assumptions!$C$11*Assumptions!$C$10 -> 115 | X80: =$P80*Assumptions!$C$18 -> 115 | Y80: =$P80*Assumptions!$D$18 -> 115 | Z80: =$P80*Assumptions!$G$18 -> 230
B81: Total annual vest | C81: Total | D81: =D71+SUM(D72:D80) -> 125 | E81: =E71+SUM(E72:E80) -> 128.75 | F81: =F71+SUM(F72:F80) -> 205 | G81: =G71+SUM(G72:G80) -> 217.5 | H81: =H71+SUM(H72:H80) -> 225 | I81: =I71+SUM(I72:I80) -> 241.25 | J81: =J71+SUM(J72:J80) -> 246.25 | K81: =K71+SUM(K72:K80) -> 250 | L81: =L71+SUM(L72:L80) -> 250 | M81: =SUM(M72:M80) -> 1593.75 | O81: 2035 refresh 50/50 at 230 | P81: =Assumptions!$C$11*Assumptions!$C$10 -> 115 | Y81: =$P81*Assumptions!$C$18 -> 115 | Z81: =$P81*Assumptions!$G$18 -> 230
B82: % of steady-state ceiling | D82: =D81/D70 -> 1 | E82: =E81/E70 -> 1.03 | F82: =F81/F70 -> 1.025 | G82: =G81/G70 -> 1.0875 | H82: =H81/H70 -> 1.8 | I82: =I81/I70 -> 1.93 | J82: =J81/J70 -> 1.97 | K82: =K81/K70 -> 2 | L82: =L81/L70 -> 2 | O82: Total annual vest | P82: Total | Q82: =Q71+SUM(Q72:Q81) -> 125 | R82: =R71+SUM(R72:R81) -> 125 | S82: =S71+SUM(S72:S81) -> 230 | T82: =T71+SUM(T72:T81) -> 230 | U82: =U71+SUM(U72:U81) -> 230 | V82: =V71+SUM(V72:V81) -> 230 | W82: =W71+SUM(W72:W81) -> 230 | X82: =X71+SUM(X72:X81) -> 230 | Y82: =Y71+SUM(Y72:Y81) -> 230 | Z82: =SUM(Z72:Z81) -> 1600
B83: Change vs prior year | D83: =D81-Assumptions!$C$5 -> 25 | E83: =E81-D81 -> 3.75 | F83: =F81-E81 -> 76.25 | G83: =G81-F81 -> 12.5 | H83: =H81-G81 -> 7.5 | I83: =I81-H81 -> 16.25 | J83: =J81-I81 -> 5 | K83: =K81-J81 -> 3.75 | L83: =L81-K81 -> 0 | O83: % of steady-state ceiling | Q83: =Q82/Q70 -> 1 | R83: =R82/R70 -> 1 | S83: =S82/S70 -> 1 | T83: =T82/T70 -> 1 | U83: =U82/U70 -> 1.84 | V83: =V82/V70 -> 1.84 | W83: =W82/W70 -> 1.84 | X83: =X82/X70 -> 1.84 | Y83: =Y82/Y70 -> 1.84
O84: Change vs prior year | Q84: =Q82-Assumptions!$C$5 -> 25 | R84: =R82-Q82 -> 0 | S84: =S82-R82 -> 105 | T84: =T82-S82 -> 0 | U84: =U82-T82 -> 0 | V84: =V82-U82 -> 0 | W84: =W82-V82 -> 0 | X84: =X82-W82 -> 0 | Y84: =Y82-X82 -> 0
B88: Persona F hired 2023, 50 of target vesting in the transition year transition year 2027
B89: Not applicable. The transition year is 2027, the first year of the new programme, so there is no year before it.
B92: Persona G hired 2023, 75 of target vesting in the transition year transition year 2027
B93: Not applicable. The transition year is 2027, the first year of the new programme, so there is no year before it.
B96: Persona H hired 2024, 125 of target vesting in the transition year transition year 2028
B97: Option 1 100/15/5/5 | C97: Sizing | D97: 2027 | E97: 2028 | F97: 2029 | G97: 2030 | H97: 2031 | I97: 2032 | J97: 2033 | K97: 2034 | L97: 2035 | M97: Face | O97: Option 2 100/50 and 50/50 | P97: Sizing | Q97: 2027 | R97: 2028 | S97: 2029 | T97: 2030 | U97: 2031 | V97: 2032 | W97: 2033 | X97: 2034 | Y97: 2035 | Z97: Face
B98: Gap target (used only in T and promo years) | D98: =Assumptions!$C$5*Assumptions!$C$8 -> 200 | E98: =Assumptions!$C$5*Assumptions!$C$8 -> 200 | F98: =Assumptions!$C$5*Assumptions!$C$6 -> 125 | G98: =Assumptions!$C$5*Assumptions!$C$6 -> 125 | H98: =Assumptions!$C$5*Assumptions!$C$6 -> 125 | I98: =Assumptions!$C$5*Assumptions!$C$6 -> 125 | J98: =Assumptions!$C$5*Assumptions!$C$6 -> 125 | K98: =Assumptions!$C$5*Assumptions!$C$6 -> 125 | L98: =Assumptions!$C$5*Assumptions!$C$6 -> 125 | O98: Gap target (used only in T and promo years) | Q98: =Assumptions!$C$10 -> 230 | R98: =Assumptions!$C$10 -> 230 | S98: =Assumptions!$C$5*Assumptions!$C$6 -> 125 | T98: =Assumptions!$C$5*Assumptions!$C$6 -> 125 | U98: =Assumptions!$C$5*Assumptions!$C$6 -> 125 | V98: =Assumptions!$C$5*Assumptions!$C$6 -> 125 | W98: =Assumptions!$C$5*Assumptions!$C$6 -> 125 | X98: =Assumptions!$C$5*Assumptions!$C$6 -> 125 | Y98: =Assumptions!$C$5*Assumptions!$C$6 -> 125
B99: Legacy scheduled vest | D99: 150 | E99: 125 | F99: 0 | G99: 0 | H99: 0 | I99: 0 | J99: 0 | K99: 0 | L99: 0 | O99: Legacy scheduled vest | Q99: 150 | R99: 125 | S99: 0 | T99: 0 | U99: 0 | V99: 0 | W99: 0 | X99: 0 | Y99: 0
B100: 2027 promo grant (gap to 200) | C100: =MAX(Assumptions!$C$5*Assumptions!$C$12,D98-(D99)) -> 50 | D100: =$C100*Assumptions!$C$23 -> 50 | E100: =$C100*Assumptions!$D$23 -> 7.5 | F100: =$C100*Assumptions!$E$23 -> 2.5 | G100: =$C100*Assumptions!$F$23 -> 2.5 | M100: =$C100*Assumptions!$G$23 -> 62.5 | O100: 2027 promo one-year (gap to 230) | P100: =MAX(Assumptions!$C$5*Assumptions!$C$12,Q98-(Q99)) -> 80 | Q100: =$P100*Assumptions!$C$21 -> 80 | R100: =$P100*Assumptions!$D$21 -> 0 | S100: =$P100*Assumptions!$E$21 -> 0 | T100: =$P100*Assumptions!$F$21 -> 0 | Z100: =$P100*Assumptions!$G$21 -> 80
B101: 2028 transition 100/15/5/5 (gap to 200) | C101: =MAX(Assumptions!$C$5*Assumptions!$C$12,E98-(E99)) -> 75 | E101: =$C101*Assumptions!$C$17 -> 75 | F101: =$C101*Assumptions!$D$17 -> 11.25 | G101: =$C101*Assumptions!$E$17 -> 3.75 | H101: =$C101*Assumptions!$F$17 -> 3.75 | M101: =$C101*Assumptions!$G$17 -> 93.75 | O101: 2028 transition Grant 1 (gap) | P101: =MAX(Assumptions!$C$5*Assumptions!$C$12,R98-(R99)) -> 105 | R101: =$P101*Assumptions!$C$21 -> 105 | S101: =$P101*Assumptions!$D$21 -> 0 | T101: =$P101*Assumptions!$E$21 -> 0 | U101: =$P101*Assumptions!$F$21 -> 0 | Z101: =$P101*Assumptions!$G$21 -> 105
B102: 2029 refresh 200/30/10/10 | C102: =Assumptions!$C$5*Assumptions!$C$8 -> 200 | F102: =$C102*Assumptions!$C$17 -> 200 | G102: =$C102*Assumptions!$D$17 -> 30 | H102: =$C102*Assumptions!$E$17 -> 10 | I102: =$C102*Assumptions!$F$17 -> 10 | M102: =$C102*Assumptions!$G$17 -> 250 | O102: 2029 Refresh grant 100/50 at 230 | P102: =Assumptions!$C$10 -> 230 | R102: =$P102*Assumptions!$C$20 -> 0 | S102: =$P102*Assumptions!$D$20 -> 230 | T102: =$P102*Assumptions!$E$20 -> 115 | U102: =$P102*Assumptions!$F$20 -> 0 | Z102: =$P102*Assumptions!$G$20 -> 345
B103: 2030 refresh 200/30/10/10 | C103: =Assumptions!$C$5*Assumptions!$C$8 -> 200 | G103: =$C103*Assumptions!$C$17 -> 200 | H103: =$C103*Assumptions!$D$17 -> 30 | I103: =$C103*Assumptions!$E$17 -> 10 | J103: =$C103*Assumptions!$F$17 -> 10 | M103: =$C103*Assumptions!$G$17 -> 250 | O103: 2030 refresh 50/50 at 230 | P103: =Assumptions!$C$11*Assumptions!$C$10 -> 115 | T103: =$P103*Assumptions!$C$18 -> 115 | U103: =$P103*Assumptions!$D$18 -> 115 | V103: =$P103*Assumptions!$E$18 -> 0 | W103: =$P103*Assumptions!$F$18 -> 0 | Z103: =$P103*Assumptions!$G$18 -> 230
B104: 2031 refresh 200/30/10/10 | C104: =Assumptions!$C$5*Assumptions!$C$8 -> 200 | H104: =$C104*Assumptions!$C$17 -> 200 | I104: =$C104*Assumptions!$D$17 -> 30 | J104: =$C104*Assumptions!$E$17 -> 10 | K104: =$C104*Assumptions!$F$17 -> 10 | M104: =$C104*Assumptions!$G$17 -> 250 | O104: 2031 refresh 50/50 at 230 | P104: =Assumptions!$C$11*Assumptions!$C$10 -> 115 | U104: =$P104*Assumptions!$C$18 -> 115 | V104: =$P104*Assumptions!$D$18 -> 115 | W104: =$P104*Assumptions!$E$18 -> 0 | X104: =$P104*Assumptions!$F$18 -> 0 | Z104: =$P104*Assumptions!$G$18 -> 230
B105: 2032 refresh 200/30/10/10 | C105: =Assumptions!$C$5*Assumptions!$C$8 -> 200 | I105: =$C105*Assumptions!$C$17 -> 200 | J105: =$C105*Assumptions!$D$17 -> 30 | K105: =$C105*Assumptions!$E$17 -> 10 | L105: =$C105*Assumptions!$F$17 -> 10 | M105: =$C105*Assumptions!$G$17 -> 250 | O105: 2032 refresh 50/50 at 230 | P105: =Assumptions!$C$11*Assumptions!$C$10 -> 115 | V105: =$P105*Assumptions!$C$18 -> 115 | W105: =$P105*Assumptions!$D$18 -> 115 | X105: =$P105*Assumptions!$E$18 -> 0 | Y105: =$P105*Assumptions!$F$18 -> 0 | Z105: =$P105*Assumptions!$G$18 -> 230
B106: 2033 refresh 200/30/10/10 | C106: =Assumptions!$C$5*Assumptions!$C$8 -> 200 | J106: =$C106*Assumptions!$C$17 -> 200 | K106: =$C106*Assumptions!$D$17 -> 30 | L106: =$C106*Assumptions!$E$17 -> 10 | M106: =$C106*Assumptions!$G$17 -> 250 | O106: 2033 refresh 50/50 at 230 | P106: =Assumptions!$C$11*Assumptions!$C$10 -> 115 | W106: =$P106*Assumptions!$C$18 -> 115 | X106: =$P106*Assumptions!$D$18 -> 115 | Y106: =$P106*Assumptions!$E$18 -> 0 | Z106: =$P106*Assumptions!$G$18 -> 230
B107: 2034 refresh 200/30/10/10 | C107: =Assumptions!$C$5*Assumptions!$C$8 -> 200 | K107: =$C107*Assumptions!$C$17 -> 200 | L107: =$C107*Assumptions!$D$17 -> 30 | M107: =$C107*Assumptions!$G$17 -> 250 | O107: 2034 refresh 50/50 at 230 | P107: =Assumptions!$C$11*Assumptions!$C$10 -> 115 | X107: =$P107*Assumptions!$C$18 -> 115 | Y107: =$P107*Assumptions!$D$18 -> 115 | Z107: =$P107*Assumptions!$G$18 -> 230
B108: 2035 refresh 200/30/10/10 | C108: =Assumptions!$C$5*Assumptions!$C$8 -> 200 | L108: =$C108*Assumptions!$C$17 -> 200 | M108: =$C108*Assumptions!$G$17 -> 250 | O108: 2035 refresh 50/50 at 230 | P108: =Assumptions!$C$11*Assumptions!$C$10 -> 115 | Y108: =$P108*Assumptions!$C$18 -> 115 | Z108: =$P108*Assumptions!$G$18 -> 230
B109: Total annual vest | C109: Total | D109: =D99+SUM(D100:D108) -> 200 | E109: =E99+SUM(E100:E108) -> 207.5 | F109: =F99+SUM(F100:F108) -> 213.75 | G109: =G99+SUM(G100:G108) -> 236.25 | H109: =H99+SUM(H100:H108) -> 243.75 | I109: =I99+SUM(I100:I108) -> 250 | J109: =J99+SUM(J100:J108) -> 250 | K109: =K99+SUM(K100:K108) -> 250 | L109: =L99+SUM(L100:L108) -> 250 | M109: =SUM(M100:M108) -> 1906.25 | O109: Total annual vest | P109: Total | Q109: =Q99+SUM(Q100:Q108) -> 230 | R109: =R99+SUM(R100:R108) -> 230 | S109: =S99+SUM(S100:S108) -> 230 | T109: =T99+SUM(T100:T108) -> 230 | U109: =U99+SUM(U100:U108) -> 230 | V109: =V99+SUM(V100:V108) -> 230 | W109: =W99+SUM(W100:W108) -> 230 | X109: =X99+SUM(X100:X108) -> 230 | Y109: =Y99+SUM(Y100:Y108) -> 230 | Z109: =SUM(Z100:Z108) -> 1910
B110: % of steady-state ceiling | D110: =D109/D98 -> 1 | E110: =E109/E98 -> 1.0375 | F110: =F109/F98 -> 1.71 | G110: =G109/G98 -> 1.89 | H110: =H109/H98 -> 1.95 | I110: =I109/I98 -> 2 | J110: =J109/J98 -> 2 | K110: =K109/K98 -> 2 | L110: =L109/L98 -> 2 | O110: % of steady-state ceiling | Q110: =Q109/Q98 -> 1 | R110: =R109/R98 -> 1 | S110: =S109/S98 -> 1.84 | T110: =T109/T98 -> 1.84 | U110: =U109/U98 -> 1.84 | V110: =V109/V98 -> 1.84 | W110: =W109/W98 -> 1.84 | X110: =X109/X98 -> 1.84 | Y110: =Y109/Y98 -> 1.84
B111: Change vs prior year | D111: =D109-Assumptions!$C$5 -> 100 | E111: =E109-D109 -> 7.5 | F111: =F109-E109 -> 6.25 | G111: =G109-F109 -> 22.5 | H111: =H109-G109 -> 7.5 | I111: =I109-H109 -> 6.25 | J111: =J109-I109 -> 0 | K111: =K109-J109 -> 0 | L111: =L109-K109 -> 0 | O111: Change vs prior year | Q111: =Q109-Assumptions!$C$5 -> 130 | R111: =R109-Q109 -> 0 | S111: =S109-R109 -> 0 | T111: =T109-S109 -> 0 | U111: =U109-T109 -> 0 | V111: =V109-U109 -> 0 | W111: =W109-V109 -> 0 | X111: =X109-W109 -> 0 | Y111: =Y109-X109 -> 0

Sheet Outsized 1.5x in 2030
B2: Scenario: Outsized 1.5x in 2030
B3: Grants in rows, years in columns. Option 1 left, Option 2 right. Index: annual LTI target = 100.
B5: Persona A new hire 2027, no legacy grant transition year 2027
B6: Option 1 100/15/5/5 | C6: Sizing | D6: 2027 | E6: 2028 | F6: 2029 | G6: 2030 | H6: 2031 | I6: 2032 | J6: 2033 | K6: 2034 | L6: 2035 | M6: Face | O6: Option 2 100/50 and 50/50 | P6: Sizing | Q6: 2027 | R6: 2028 | S6: 2029 | T6: 2030 | U6: 2031 | V6: 2032 | W6: 2033 | X6: 2034 | Y6: 2035 | Z6: Face
B7: Gap target (used only in T and promo years) | D7: =Assumptions!$C$5*Assumptions!$C$6 -> 125 | E7: =Assumptions!$C$5*Assumptions!$C$6 -> 125 | F7: =Assumptions!$C$5*Assumptions!$C$6 -> 125 | G7: =Assumptions!$C$5*Assumptions!$C$7 -> 150 | H7: =Assumptions!$C$5*Assumptions!$C$6 -> 125 | I7: =Assumptions!$C$5*Assumptions!$C$6 -> 125 | J7: =Assumptions!$C$5*Assumptions!$C$6 -> 125 | K7: =Assumptions!$C$5*Assumptions!$C$6 -> 125 | L7: =Assumptions!$C$5*Assumptions!$C$6 -> 125 | O7: Gap target (used only in T and promo years) | Q7: =Assumptions!$C$5*Assumptions!$C$6 -> 125 | R7: =Assumptions!$C$5*Assumptions!$C$6 -> 125 | S7: =Assumptions!$C$5*Assumptions!$C$6 -> 125 | T7: =Assumptions!$C$5*Assumptions!$C$7 -> 150 | U7: =Assumptions!$C$5*Assumptions!$C$6 -> 125 | V7: =Assumptions!$C$5*Assumptions!$C$6 -> 125 | W7: =Assumptions!$C$5*Assumptions!$C$6 -> 125 | X7: =Assumptions!$C$5*Assumptions!$C$6 -> 125 | Y7: =Assumptions!$C$5*Assumptions!$C$6 -> 125
B8: Legacy scheduled vest | D8: 0 | E8: 0 | F8: 0 | G8: 0 | H8: 0 | I8: 0 | J8: 0 | K8: 0 | L8: 0 | O8: Legacy scheduled vest | Q8: 0 | R8: 0 | S8: 0 | T8: 0 | U8: 0 | V8: 0 | W8: 0 | X8: 0 | Y8: 0
B9: 2027 new hire 100/15/5/5 | C9: =Assumptions!$C$5 -> 100 | D9: =$C9*Assumptions!$C$17 -> 100 | E9: =$C9*Assumptions!$D$17 -> 15 | F9: =$C9*Assumptions!$E$17 -> 5 | G9: =$C9*Assumptions!$F$17 -> 5 | M9: =$C9*Assumptions!$G$17 -> 125 | O9: 2027 new hire 100/50 at 1.15x | P9: =Assumptions!$C$5*Assumptions!$C$9 -> 115 | Q9: =$P9*Assumptions!$C$19 -> 115 | R9: =$P9*Assumptions!$D$19 -> 57.5 | S9: =$P9*Assumptions!$E$19 -> 0 | T9: =$P9*Assumptions!$F$19 -> 0 | Z9: =$P9*Assumptions!$G$19 -> 172.5
B10: 2028 refresh 100/15/5/5 | C10: =Assumptions!$C$5 -> 100 | E10: =$C10*Assumptions!$C$17 -> 100 | F10: =$C10*Assumptions!$D$17 -> 15 | G10: =$C10*Assumptions!$E$17 -> 5 | H10: =$C10*Assumptions!$F$17 -> 5 | M10: =$C10*Assumptions!$G$17 -> 125 | O10: 2028 refresh 50/50 at 115 | P10: =Assumptions!$C$11*Assumptions!$C$5*Assumptions!$C$9 -> 57.5 | R10: =$P10*Assumptions!$C$18 -> 57.5 | S10: =$P10*Assumptions!$D$18 -> 57.5 | T10: =$P10*Assumptions!$E$18 -> 0 | U10: =$P10*Assumptions!$F$18 -> 0 | Z10: =$P10*Assumptions!$G$18 -> 115
B11: 2029 refresh 100/15/5/5 | C11: =Assumptions!$C$5 -> 100 | F11: =$C11*Assumptions!$C$17 -> 100 | G11: =$C11*Assumptions!$D$17 -> 15 | H11: =$C11*Assumptions!$E$17 -> 5 | I11: =$C11*Assumptions!$F$17 -> 5 | M11: =$C11*Assumptions!$G$17 -> 125 | O11: 2029 refresh 50/50 at 115 | P11: =Assumptions!$C$11*Assumptions!$C$5*Assumptions!$C$9 -> 57.5 | S11: =$P11*Assumptions!$C$18 -> 57.5 | T11: =$P11*Assumptions!$D$18 -> 57.5 | U11: =$P11*Assumptions!$E$18 -> 0 | V11: =$P11*Assumptions!$F$18 -> 0 | Z11: =$P11*Assumptions!$G$18 -> 115
B12: 2030 refresh 150/22.5/7.5/7.5 | C12: =Assumptions!$C$5*Assumptions!$C$7 -> 150 | G12: =$C12*Assumptions!$C$17 -> 150 | H12: =$C12*Assumptions!$D$17 -> 22.5 | I12: =$C12*Assumptions!$E$17 -> 7.5 | J12: =$C12*Assumptions!$F$17 -> 7.5 | M12: =$C12*Assumptions!$G$17 -> 187.5 | O12: 2030 refresh 50/50 (gap to 150) | P12: =MAX(0,T7-(T8+SUM(T9:T11))) -> 92.5 | T12: =$P12*Assumptions!$C$18 -> 92.5 | U12: =$P12*Assumptions!$D$18 -> 92.5 | V12: =$P12*Assumptions!$E$18 -> 0 | W12: =$P12*Assumptions!$F$18 -> 0 | Z12: =$P12*Assumptions!$G$18 -> 185
B13: 2031 refresh 100/15/5/5 | C13: =Assumptions!$C$5 -> 100 | H13: =$C13*Assumptions!$C$17 -> 100 | I13: =$C13*Assumptions!$D$17 -> 15 | J13: =$C13*Assumptions!$E$17 -> 5 | K13: =$C13*Assumptions!$F$17 -> 5 | M13: =$C13*Assumptions!$G$17 -> 125 | O13: 2031 refresh 50/50 at 115 | P13: =Assumptions!$C$11*Assumptions!$C$5*Assumptions!$C$9 -> 57.5 | U13: =$P13*Assumptions!$C$18 -> 57.5 | V13: =$P13*Assumptions!$D$18 -> 57.5 | W13: =$P13*Assumptions!$E$18 -> 0 | X13: =$P13*Assumptions!$F$18 -> 0 | Z13: =$P13*Assumptions!$G$18 -> 115
B14: 2032 refresh 100/15/5/5 | C14: =Assumptions!$C$5 -> 100 | I14: =$C14*Assumptions!$C$17 -> 100 | J14: =$C14*Assumptions!$D$17 -> 15 | K14: =$C14*Assumptions!$E$17 -> 5 | L14: =$C14*Assumptions!$F$17 -> 5 | M14: =$C14*Assumptions!$G$17 -> 125 | O14: 2032 refresh 50/50 at 115 | P14: =Assumptions!$C$11*Assumptions!$C$5*Assumptions!$C$9 -> 57.5 | V14: =$P14*Assumptions!$C$18 -> 57.5 | W14: =$P14*Assumptions!$D$18 -> 57.5 | X14: =$P14*Assumptions!$E$18 -> 0 | Y14: =$P14*Assumptions!$F$18 -> 0 | Z14: =$P14*Assumptions!$G$18 -> 115
B15: 2033 refresh 100/15/5/5 | C15: =Assumptions!$C$5 -> 100 | J15: =$C15*Assumptions!$C$17 -> 100 | K15: =$C15*Assumptions!$D$17 -> 15 | L15: =$C15*Assumptions!$E$17 -> 5 | M15: =$C15*Assumptions!$G$17 -> 125 | O15: 2033 refresh 50/50 at 115 | P15: =Assumptions!$C$11*Assumptions!$C$5*Assumptions!$C$9 -> 57.5 | W15: =$P15*Assumptions!$C$18 -> 57.5 | X15: =$P15*Assumptions!$D$18 -> 57.5 | Y15: =$P15*Assumptions!$E$18 -> 0 | Z15: =$P15*Assumptions!$G$18 -> 115
B16: 2034 refresh 100/15/5/5 | C16: =Assumptions!$C$5 -> 100 | K16: =$C16*Assumptions!$C$17 -> 100 | L16: =$C16*Assumptions!$D$17 -> 15 | M16: =$C16*Assumptions!$G$17 -> 125 | O16: 2034 refresh 50/50 at 115 | P16: =Assumptions!$C$11*Assumptions!$C$5*Assumptions!$C$9 -> 57.5 | X16: =$P16*Assumptions!$C$18 -> 57.5 | Y16: =$P16*Assumptions!$D$18 -> 57.5 | Z16: =$P16*Assumptions!$G$18 -> 115
B17: 2035 refresh 100/15/5/5 | C17: =Assumptions!$C$5 -> 100 | L17: =$C17*Assumptions!$C$17 -> 100 | M17: =$C17*Assumptions!$G$17 -> 125 | O17: 2035 refresh 50/50 at 115 | P17: =Assumptions!$C$11*Assumptions!$C$5*Assumptions!$C$9 -> 57.5 | Y17: =$P17*Assumptions!$C$18 -> 57.5 | Z17: =$P17*Assumptions!$G$18 -> 115
B18: Total annual vest | C18: Total | D18: =D8+SUM(D9:D17) -> 100 | E18: =E8+SUM(E9:E17) -> 115 | F18: =F8+SUM(F9:F17) -> 120 | G18: =G8+SUM(G9:G17) -> 175 | H18: =H8+SUM(H9:H17) -> 132.5 | I18: =I8+SUM(I9:I17) -> 127.5 | J18: =J8+SUM(J9:J17) -> 127.5 | K18: =K8+SUM(K9:K17) -> 125 | L18: =L8+SUM(L9:L17) -> 125 | M18: =SUM(M9:M17) -> 1187.5 | O18: Total annual vest | P18: Total | Q18: =Q8+SUM(Q9:Q17) -> 115 | R18: =R8+SUM(R9:R17) -> 115 | S18: =S8+SUM(S9:S17) -> 115 | T18: =T8+SUM(T9:T17) -> 150 | U18: =U8+SUM(U9:U17) -> 150 | V18: =V8+SUM(V9:V17) -> 115 | W18: =W8+SUM(W9:W17) -> 115 | X18: =X8+SUM(X9:X17) -> 115 | Y18: =Y8+SUM(Y9:Y17) -> 115 | Z18: =SUM(Z9:Z17) -> 1162.5
B19: % of steady-state ceiling | D19: =D18/D7 -> 0.8 | E19: =E18/E7 -> 0.92 | F19: =F18/F7 -> 0.96 | G19: =G18/G7 -> 1.1666667 | H19: =H18/H7 -> 1.06 | I19: =I18/I7 -> 1.02 | J19: =J18/J7 -> 1.02 | K19: =K18/K7 -> 1 | L19: =L18/L7 -> 1 | O19: % of steady-state ceiling | Q19: =Q18/Q7 -> 0.92 | R19: =R18/R7 -> 0.92 | S19: =S18/S7 -> 0.92 | T19: =T18/T7 -> 1 | U19: =U18/U7 -> 1.2 | V19: =V18/V7 -> 0.92 | W19: =W18/W7 -> 0.92 | X19: =X18/X7 -> 0.92 | Y19: =Y18/Y7 -> 0.92
B20: Change vs prior year | D20: =D18-Assumptions!$C$5 -> 0 | E20: =E18-D18 -> 15 | F20: =F18-E18 -> 5 | G20: =G18-F18 -> 55 | H20: =H18-G18 -> -42.5 | I20: =I18-H18 -> -5 | J20: =J18-I18 -> 0 | K20: =K18-J18 -> -2.5 | L20: =L18-K18 -> 0 | O20: Change vs prior year | Q20: =Q18-Assumptions!$C$5 -> 15 | R20: =R18-Q18 -> 0 | S20: =S18-R18 -> 0 | T20: =T18-S18 -> 35 | U20: =U18-T18 -> 0 | V20: =V18-U18 -> -35 | W20: =W18-V18 -> 0 | X20: =X18-W18 -> 0 | Y20: =Y18-X18 -> 0
B24: Persona B hired 2026, 0 of target vesting in the transition year transition year 2030
B25: Option 1 100/15/5/5 | C25: Sizing | D25: 2027 | E25: 2028 | F25: 2029 | G25: 2030 | H25: 2031 | I25: 2032 | J25: 2033 | K25: 2034 | L25: 2035 | M25: Face | O25: Option 2 100/50 and 50/50 | P25: Sizing | Q25: 2027 | R25: 2028 | S25: 2029 | T25: 2030 | U25: 2031 | V25: 2032 | W25: 2033 | X25: 2034 | Y25: 2035 | Z25: Face
B26: Gap target (used only in T and promo years) | D26: =Assumptions!$C$5*Assumptions!$C$6 -> 125 | E26: =Assumptions!$C$5*Assumptions!$C$6 -> 125 | F26: =Assumptions!$C$5*Assumptions!$C$6 -> 125 | G26: =Assumptions!$C$5*Assumptions!$C$7 -> 150 | H26: =Assumptions!$C$5*Assumptions!$C$6 -> 125 | I26: =Assumptions!$C$5*Assumptions!$C$6 -> 125 | J26: =Assumptions!$C$5*Assumptions!$C$6 -> 125 | K26: =Assumptions!$C$5*Assumptions!$C$6 -> 125 | L26: =Assumptions!$C$5*Assumptions!$C$6 -> 125 | O26: Gap target (used only in T and promo years) | Q26: =Assumptions!$C$5*Assumptions!$C$6 -> 125 | R26: =Assumptions!$C$5*Assumptions!$C$6 -> 125 | S26: =Assumptions!$C$5*Assumptions!$C$6 -> 125 | T26: =Assumptions!$C$5*Assumptions!$C$7 -> 150 | U26: =Assumptions!$C$5*Assumptions!$C$6 -> 125 | V26: =Assumptions!$C$5*Assumptions!$C$6 -> 125 | W26: =Assumptions!$C$5*Assumptions!$C$6 -> 125 | X26: =Assumptions!$C$5*Assumptions!$C$6 -> 125 | Y26: =Assumptions!$C$5*Assumptions!$C$6 -> 125
B27: Legacy scheduled vest | D27: 100 | E27: 100 | F27: 100 | G27: 0 | H27: 0 | I27: 0 | J27: 0 | K27: 0 | L27: 0 | O27: Legacy scheduled vest | Q27: 100 | R27: 100 | S27: 100 | T27: 0 | U27: 0 | V27: 0 | W27: 0 | X27: 0 | Y27: 0
B28: 2027 pre-transition top-up | C28: =MAX(Assumptions!$C$5*Assumptions!$C$12,D26-(D27)) -> 25 | D28: =$C28*Assumptions!$C$23 -> 25 | E28: =$C28*Assumptions!$D$23 -> 3.75 | F28: =$C28*Assumptions!$E$23 -> 1.25 | G28: =$C28*Assumptions!$F$23 -> 1.25 | M28: =$C28*Assumptions!$G$23 -> 31.25 | O28: 2027 pre-transition top-up (1 year) | P28: =MAX(Assumptions!$C$5*Assumptions!$C$12,Q26-(Q27)) -> 25 | Q28: =$P28*Assumptions!$C$21 -> 25 | R28: =$P28*Assumptions!$D$21 -> 0 | S28: =$P28*Assumptions!$E$21 -> 0 | T28: =$P28*Assumptions!$F$21 -> 0 | Z28: =$P28*Assumptions!$G$21 -> 25
B29: 2028 pre-transition top-up | C29: =MAX(Assumptions!$C$5*Assumptions!$C$12,E26-(E27)) -> 25 | E29: =$C29*Assumptions!$C$23 -> 25 | F29: =$C29*Assumptions!$D$23 -> 3.75 | G29: =$C29*Assumptions!$E$23 -> 1.25 | H29: =$C29*Assumptions!$F$23 -> 1.25 | M29: =$C29*Assumptions!$G$23 -> 31.25 | O29: 2028 pre-transition top-up (1 year) | P29: =MAX(Assumptions!$C$5*Assumptions!$C$12,R26-(R27)) -> 25 | R29: =$P29*Assumptions!$C$21 -> 25 | S29: =$P29*Assumptions!$D$21 -> 0 | T29: =$P29*Assumptions!$E$21 -> 0 | U29: =$P29*Assumptions!$F$21 -> 0 | Z29: =$P29*Assumptions!$G$21 -> 25
B30: 2029 pre-transition top-up | C30: =MAX(Assumptions!$C$5*Assumptions!$C$12,F26-(F27)) -> 25 | F30: =$C30*Assumptions!$C$23 -> 25 | G30: =$C30*Assumptions!$D$23 -> 3.75 | H30: =$C30*Assumptions!$E$23 -> 1.25 | I30: =$C30*Assumptions!$F$23 -> 1.25 | M30: =$C30*Assumptions!$G$23 -> 31.25 | O30: 2029 pre-transition top-up (1 year) | P30: =MAX(Assumptions!$C$5*Assumptions!$C$12,S26-(S27)) -> 25 | S30: =$P30*Assumptions!$C$21 -> 25 | T30: =$P30*Assumptions!$D$21 -> 0 | U30: =$P30*Assumptions!$E$21 -> 0 | V30: =$P30*Assumptions!$F$21 -> 0 | Z30: =$P30*Assumptions!$G$21 -> 25
B31: 2030 transition Grant 1 (gap on legacy) | C31: =MAX(Assumptions!$C$5*Assumptions!$C$12*Assumptions!$C$7,G26-(G27)) -> 150 | G31: =$C31*Assumptions!$C$21 -> 150 | H31: =$C31*Assumptions!$D$21 -> 0 | I31: =$C31*Assumptions!$E$21 -> 0 | J31: =$C31*Assumptions!$F$21 -> 0 | M31: =$C31*Assumptions!$G$21 -> 150 | O31: 2030 transition 100/50 at 150 | P31: =Assumptions!$C$5*Assumptions!$C$7 -> 150 | T31: =$P31*Assumptions!$C$19 -> 150 | U31: =$P31*Assumptions!$D$19 -> 75 | V31: =$P31*Assumptions!$E$19 -> 0 | W31: =$P31*Assumptions!$F$19 -> 0 | Z31: =$P31*Assumptions!$G$19 -> 225
B32: 2030 transition Grant 2 tail 0/25/10/5 | C32: =Assumptions!$C$5 -> 100 | G32: =$C32*Assumptions!$C$22 -> 0 | H32: =$C32*Assumptions!$D$22 -> 25 | I32: =$C32*Assumptions!$E$22 -> 10 | J32: =$C32*Assumptions!$F$22 -> 5 | M32: =$C32*Assumptions!$G$22 -> 40 | O32: 2031 refresh 50/50 | P32: =Assumptions!$C$11*Assumptions!$C$5*Assumptions!$C$6 -> 62.5 | U32: =$P32*Assumptions!$C$18 -> 62.5 | V32: =$P32*Assumptions!$D$18 -> 62.5 | W32: =$P32*Assumptions!$E$18 -> 0 | X32: =$P32*Assumptions!$F$18 -> 0 | Z32: =$P32*Assumptions!$G$18 -> 125
B33: 2031 refresh 100/15/5/5 | C33: =Assumptions!$C$5 -> 100 | H33: =$C33*Assumptions!$C$17 -> 100 | I33: =$C33*Assumptions!$D$17 -> 15 | J33: =$C33*Assumptions!$E$17 -> 5 | K33: =$C33*Assumptions!$F$17 -> 5 | M33: =$C33*Assumptions!$G$17 -> 125 | O33: 2032 refresh 50/50 | P33: =Assumptions!$C$11*Assumptions!$C$5*Assumptions!$C$6 -> 62.5 | V33: =$P33*Assumptions!$C$18 -> 62.5 | W33: =$P33*Assumptions!$D$18 -> 62.5 | X33: =$P33*Assumptions!$E$18 -> 0 | Y33: =$P33*Assumptions!$F$18 -> 0 | Z33: =$P33*Assumptions!$G$18 -> 125
B34: 2032 refresh 100/15/5/5 | C34: =Assumptions!$C$5 -> 100 | I34: =$C34*Assumptions!$C$17 -> 100 | J34: =$C34*Assumptions!$D$17 -> 15 | K34: =$C34*Assumptions!$E$17 -> 5 | L34: =$C34*Assumptions!$F$17 -> 5 | M34: =$C34*Assumptions!$G$17 -> 125 | O34: 2033 refresh 50/50 | P34: =Assumptions!$C$11*Assumptions!$C$5*Assumptions!$C$6 -> 62.5 | W34: =$P34*Assumptions!$C$18 -> 62.5 | X34: =$P34*Assumptions!$D$18 -> 62.5 | Y34: =$P34*Assumptions!$E$18 -> 0 | Z34: =$P34*Assumptions!$G$18 -> 125
B35: 2033 refresh 100/15/5/5 | C35: =Assumptions!$C$5 -> 100 | J35: =$C35*Assumptions!$C$17 -> 100 | K35: =$C35*Assumptions!$D$17 -> 15 | L35: =$C35*Assumptions!$E$17 -> 5 | M35: =$C35*Assumptions!$G$17 -> 125 | O35: 2034 refresh 50/50 | P35: =Assumptions!$C$11*Assumptions!$C$5*Assumptions!$C$6 -> 62.5 | X35: =$P35*Assumptions!$C$18 -> 62.5 | Y35: =$P35*Assumptions!$D$18 -> 62.5 | Z35: =$P35*Assumptions!$G$18 -> 125
B36: 2034 refresh 100/15/5/5 | C36: =Assumptions!$C$5 -> 100 | K36: =$C36*Assumptions!$C$17 -> 100 | L36: =$C36*Assumptions!$D$17 -> 15 | M36: =$C36*Assumptions!$G$17 -> 125 | O36: 2035 refresh 50/50 | P36: =Assumptions!$C$11*Assumptions!$C$5*Assumptions!$C$6 -> 62.5 | Y36: =$P36*Assumptions!$C$18 -> 62.5 | Z36: =$P36*Assumptions!$G$18 -> 125
B37: 2035 refresh 100/15/5/5 | C37: =Assumptions!$C$5 -> 100 | L37: =$C37*Assumptions!$C$17 -> 100 | M37: =$C37*Assumptions!$G$17 -> 125 | O37: Total annual vest | P37: Total | Q37: =Q27+SUM(Q28:Q36) -> 125 | R37: =R27+SUM(R28:R36) -> 125 | S37: =S27+SUM(S28:S36) -> 125 | T37: =T27+SUM(T28:T36) -> 150 | U37: =U27+SUM(U28:U36) -> 137.5 | V37: =V27+SUM(V28:V36) -> 125 | W37: =W27+SUM(W28:W36) -> 125 | X37: =X27+SUM(X28:X36) -> 125 | Y37: =Y27+SUM(Y28:Y36) -> 125 | Z37: =SUM(Z28:Z36) -> 925
B38: Total annual vest | C38: Total | D38: =D27+SUM(D28:D37) -> 125 | E38: =E27+SUM(E28:E37) -> 128.75 | F38: =F27+SUM(F28:F37) -> 130 | G38: =G27+SUM(G28:G37) -> 156.25 | H38: =H27+SUM(H28:H37) -> 127.5 | I38: =I27+SUM(I28:I37) -> 126.25 | J38: =J27+SUM(J28:J37) -> 125 | K38: =K27+SUM(K28:K37) -> 125 | L38: =L27+SUM(L28:L37) -> 125 | M38: =SUM(M28:M37) -> 908.75 | O38: % of steady-state ceiling | Q38: =Q37/Q26 -> 1 | R38: =R37/R26 -> 1 | S38: =S37/S26 -> 1 | T38: =T37/T26 -> 1 | U38: =U37/U26 -> 1.1 | V38: =V37/V26 -> 1 | W38: =W37/W26 -> 1 | X38: =X37/X26 -> 1 | Y38: =Y37/Y26 -> 1
B39: % of steady-state ceiling | D39: =D38/D26 -> 1 | E39: =E38/E26 -> 1.03 | F39: =F38/F26 -> 1.04 | G39: =G38/G26 -> 1.0416667 | H39: =H38/H26 -> 1.02 | I39: =I38/I26 -> 1.01 | J39: =J38/J26 -> 1 | K39: =K38/K26 -> 1 | L39: =L38/L26 -> 1 | O39: Change vs prior year | Q39: =Q37-Assumptions!$C$5 -> 25 | R39: =R37-Q37 -> 0 | S39: =S37-R37 -> 0 | T39: =T37-S37 -> 25 | U39: =U37-T37 -> -12.5 | V39: =V37-U37 -> -12.5 | W39: =W37-V37 -> 0 | X39: =X37-W37 -> 0 | Y39: =Y37-X37 -> 0
B40: Change vs prior year | D40: =D38-Assumptions!$C$5 -> 25 | E40: =E38-D38 -> 3.75 | F40: =F38-E38 -> 1.25 | G40: =G38-F38 -> 26.25 | H40: =H38-G38 -> -28.75 | I40: =I38-H38 -> -1.25 | J40: =J38-I38 -> -1.25 | K40: =K38-J38 -> 0 | L40: =L38-K38 -> 0
B44: Persona C hired 2026, 25 of target vesting in the transition year transition year 2030
B45: Option 1 100/15/5/5 | C45: Sizing | D45: 2027 | E45: 2028 | F45: 2029 | G45: 2030 | H45: 2031 | I45: 2032 | J45: 2033 | K45: 2034 | L45: 2035 | M45: Face | O45: Option 2 100/50 and 50/50 | P45: Sizing | Q45: 2027 | R45: 2028 | S45: 2029 | T45: 2030 | U45: 2031 | V45: 2032 | W45: 2033 | X45: 2034 | Y45: 2035 | Z45: Face
B46: Gap target (used only in T and promo years) | D46: =Assumptions!$C$5*Assumptions!$C$6 -> 125 | E46: =Assumptions!$C$5*Assumptions!$C$6 -> 125 | F46: =Assumptions!$C$5*Assumptions!$C$6 -> 125 | G46: =Assumptions!$C$5*Assumptions!$C$7 -> 150 | H46: =Assumptions!$C$5*Assumptions!$C$6 -> 125 | I46: =Assumptions!$C$5*Assumptions!$C$6 -> 125 | J46: =Assumptions!$C$5*Assumptions!$C$6 -> 125 | K46: =Assumptions!$C$5*Assumptions!$C$6 -> 125 | L46: =Assumptions!$C$5*Assumptions!$C$6 -> 125 | O46: Gap target (used only in T and promo years) | Q46: =Assumptions!$C$5*Assumptions!$C$6 -> 125 | R46: =Assumptions!$C$5*Assumptions!$C$6 -> 125 | S46: =Assumptions!$C$5*Assumptions!$C$6 -> 125 | T46: =Assumptions!$C$5*Assumptions!$C$7 -> 150 | U46: =Assumptions!$C$5*Assumptions!$C$6 -> 125 | V46: =Assumptions!$C$5*Assumptions!$C$6 -> 125 | W46: =Assumptions!$C$5*Assumptions!$C$6 -> 125 | X46: =Assumptions!$C$5*Assumptions!$C$6 -> 125 | Y46: =Assumptions!$C$5*Assumptions!$C$6 -> 125
B47: Legacy scheduled vest | D47: 100 | E47: 100 | F47: 100 | G47: 25 | H47: 0 | I47: 0 | J47: 0 | K47: 0 | L47: 0 | O47: Legacy scheduled vest | Q47: 100 | R47: 100 | S47: 100 | T47: 25 | U47: 0 | V47: 0 | W47: 0 | X47: 0 | Y47: 0
B48: 2027 pre-transition top-up | C48: =MAX(Assumptions!$C$5*Assumptions!$C$12,D46-(D47)) -> 25 | D48: =$C48*Assumptions!$C$23 -> 25 | E48: =$C48*Assumptions!$D$23 -> 3.75 | F48: =$C48*Assumptions!$E$23 -> 1.25 | G48: =$C48*Assumptions!$F$23 -> 1.25 | M48: =$C48*Assumptions!$G$23 -> 31.25 | O48: 2027 pre-transition top-up (1 year) | P48: =MAX(Assumptions!$C$5*Assumptions!$C$12,Q46-(Q47)) -> 25 | Q48: =$P48*Assumptions!$C$21 -> 25 | R48: =$P48*Assumptions!$D$21 -> 0 | S48: =$P48*Assumptions!$E$21 -> 0 | T48: =$P48*Assumptions!$F$21 -> 0 | Z48: =$P48*Assumptions!$G$21 -> 25
B49: 2028 pre-transition top-up | C49: =MAX(Assumptions!$C$5*Assumptions!$C$12,E46-(E47)) -> 25 | E49: =$C49*Assumptions!$C$23 -> 25 | F49: =$C49*Assumptions!$D$23 -> 3.75 | G49: =$C49*Assumptions!$E$23 -> 1.25 | H49: =$C49*Assumptions!$F$23 -> 1.25 | M49: =$C49*Assumptions!$G$23 -> 31.25 | O49: 2028 pre-transition top-up (1 year) | P49: =MAX(Assumptions!$C$5*Assumptions!$C$12,R46-(R47)) -> 25 | R49: =$P49*Assumptions!$C$21 -> 25 | S49: =$P49*Assumptions!$D$21 -> 0 | T49: =$P49*Assumptions!$E$21 -> 0 | U49: =$P49*Assumptions!$F$21 -> 0 | Z49: =$P49*Assumptions!$G$21 -> 25
B50: 2029 pre-transition top-up | C50: =MAX(Assumptions!$C$5*Assumptions!$C$12,F46-(F47)) -> 25 | F50: =$C50*Assumptions!$C$23 -> 25 | G50: =$C50*Assumptions!$D$23 -> 3.75 | H50: =$C50*Assumptions!$E$23 -> 1.25 | I50: =$C50*Assumptions!$F$23 -> 1.25 | M50: =$C50*Assumptions!$G$23 -> 31.25 | O50: 2029 pre-transition top-up (1 year) | P50: =MAX(Assumptions!$C$5*Assumptions!$C$12,S46-(S47)) -> 25 | S50: =$P50*Assumptions!$C$21 -> 25 | T50: =$P50*Assumptions!$D$21 -> 0 | U50: =$P50*Assumptions!$E$21 -> 0 | V50: =$P50*Assumptions!$F$21 -> 0 | Z50: =$P50*Assumptions!$G$21 -> 25
B51: 2030 transition Grant 1 (gap on legacy) | C51: =MAX(Assumptions!$C$5*Assumptions!$C$12*Assumptions!$C$7,G46-(G47)) -> 125 | G51: =$C51*Assumptions!$C$21 -> 125 | H51: =$C51*Assumptions!$D$21 -> 0 | I51: =$C51*Assumptions!$E$21 -> 0 | J51: =$C51*Assumptions!$F$21 -> 0 | M51: =$C51*Assumptions!$G$21 -> 125 | O51: 2030 transition Grant 1 (gap) | P51: =T46-(T47+$P52) -> 62.5 | T51: =$P51*Assumptions!$C$21 -> 62.5 | U51: =$P51*Assumptions!$D$21 -> 0 | V51: =$P51*Assumptions!$E$21 -> 0 | W51: =$P51*Assumptions!$F$21 -> 0 | Z51: =$P51*Assumptions!$G$21 -> 62.5
B52: 2030 transition Grant 2 tail 0/25/10/5 | C52: =Assumptions!$C$5 -> 100 | G52: =$C52*Assumptions!$C$22 -> 0 | H52: =$C52*Assumptions!$D$22 -> 25 | I52: =$C52*Assumptions!$E$22 -> 10 | J52: =$C52*Assumptions!$F$22 -> 5 | M52: =$C52*Assumptions!$G$22 -> 40 | O52: 2030 transition Grant 2 2-yr equal | P52: =Assumptions!$C$11*Assumptions!$C$5*Assumptions!$C$6 -> 62.5 | T52: =$P52*Assumptions!$C$18 -> 62.5 | U52: =$P52*Assumptions!$D$18 -> 62.5 | V52: =$P52*Assumptions!$E$18 -> 0 | W52: =$P52*Assumptions!$F$18 -> 0 | Z52: =$P52*Assumptions!$G$18 -> 125
B53: 2031 refresh 100/15/5/5 | C53: =Assumptions!$C$5 -> 100 | H53: =$C53*Assumptions!$C$17 -> 100 | I53: =$C53*Assumptions!$D$17 -> 15 | J53: =$C53*Assumptions!$E$17 -> 5 | K53: =$C53*Assumptions!$F$17 -> 5 | M53: =$C53*Assumptions!$G$17 -> 125 | O53: 2031 refresh 50/50 | P53: =Assumptions!$C$11*Assumptions!$C$5*Assumptions!$C$6 -> 62.5 | U53: =$P53*Assumptions!$C$18 -> 62.5 | V53: =$P53*Assumptions!$D$18 -> 62.5 | W53: =$P53*Assumptions!$E$18 -> 0 | X53: =$P53*Assumptions!$F$18 -> 0 | Z53: =$P53*Assumptions!$G$18 -> 125
B54: 2032 refresh 100/15/5/5 | C54: =Assumptions!$C$5 -> 100 | I54: =$C54*Assumptions!$C$17 -> 100 | J54: =$C54*Assumptions!$D$17 -> 15 | K54: =$C54*Assumptions!$E$17 -> 5 | L54: =$C54*Assumptions!$F$17 -> 5 | M54: =$C54*Assumptions!$G$17 -> 125 | O54: 2032 refresh 50/50 | P54: =Assumptions!$C$11*Assumptions!$C$5*Assumptions!$C$6 -> 62.5 | V54: =$P54*Assumptions!$C$18 -> 62.5 | W54: =$P54*Assumptions!$D$18 -> 62.5 | X54: =$P54*Assumptions!$E$18 -> 0 | Y54: =$P54*Assumptions!$F$18 -> 0 | Z54: =$P54*Assumptions!$G$18 -> 125
B55: 2033 refresh 100/15/5/5 | C55: =Assumptions!$C$5 -> 100 | J55: =$C55*Assumptions!$C$17 -> 100 | K55: =$C55*Assumptions!$D$17 -> 15 | L55: =$C55*Assumptions!$E$17 -> 5 | M55: =$C55*Assumptions!$G$17 -> 125 | O55: 2033 refresh 50/50 | P55: =Assumptions!$C$11*Assumptions!$C$5*Assumptions!$C$6 -> 62.5 | W55: =$P55*Assumptions!$C$18 -> 62.5 | X55: =$P55*Assumptions!$D$18 -> 62.5 | Y55: =$P55*Assumptions!$E$18 -> 0 | Z55: =$P55*Assumptions!$G$18 -> 125
B56: 2034 refresh 100/15/5/5 | C56: =Assumptions!$C$5 -> 100 | K56: =$C56*Assumptions!$C$17 -> 100 | L56: =$C56*Assumptions!$D$17 -> 15 | M56: =$C56*Assumptions!$G$17 -> 125 | O56: 2034 refresh 50/50 | P56: =Assumptions!$C$11*Assumptions!$C$5*Assumptions!$C$6 -> 62.5 | X56: =$P56*Assumptions!$C$18 -> 62.5 | Y56: =$P56*Assumptions!$D$18 -> 62.5 | Z56: =$P56*Assumptions!$G$18 -> 125
B57: 2035 refresh 100/15/5/5 | C57: =Assumptions!$C$5 -> 100 | L57: =$C57*Assumptions!$C$17 -> 100 | M57: =$C57*Assumptions!$G$17 -> 125 | O57: 2035 refresh 50/50 | P57: =Assumptions!$C$11*Assumptions!$C$5*Assumptions!$C$6 -> 62.5 | Y57: =$P57*Assumptions!$C$18 -> 62.5 | Z57: =$P57*Assumptions!$G$18 -> 125
B58: Total annual vest | C58: Total | D58: =D47+SUM(D48:D57) -> 125 | E58: =E47+SUM(E48:E57) -> 128.75 | F58: =F47+SUM(F48:F57) -> 130 | G58: =G47+SUM(G48:G57) -> 156.25 | H58: =H47+SUM(H48:H57) -> 127.5 | I58: =I47+SUM(I48:I57) -> 126.25 | J58: =J47+SUM(J48:J57) -> 125 | K58: =K47+SUM(K48:K57) -> 125 | L58: =L47+SUM(L48:L57) -> 125 | M58: =SUM(M48:M57) -> 883.75 | O58: Total annual vest | P58: Total | Q58: =Q47+SUM(Q48:Q57) -> 125 | R58: =R47+SUM(R48:R57) -> 125 | S58: =S47+SUM(S48:S57) -> 125 | T58: =T47+SUM(T48:T57) -> 150 | U58: =U47+SUM(U48:U57) -> 125 | V58: =V47+SUM(V48:V57) -> 125 | W58: =W47+SUM(W48:W57) -> 125 | X58: =X47+SUM(X48:X57) -> 125 | Y58: =Y47+SUM(Y48:Y57) -> 125 | Z58: =SUM(Z48:Z57) -> 887.5
B59: % of steady-state ceiling | D59: =D58/D46 -> 1 | E59: =E58/E46 -> 1.03 | F59: =F58/F46 -> 1.04 | G59: =G58/G46 -> 1.0416667 | H59: =H58/H46 -> 1.02 | I59: =I58/I46 -> 1.01 | J59: =J58/J46 -> 1 | K59: =K58/K46 -> 1 | L59: =L58/L46 -> 1 | O59: % of steady-state ceiling | Q59: =Q58/Q46 -> 1 | R59: =R58/R46 -> 1 | S59: =S58/S46 -> 1 | T59: =T58/T46 -> 1 | U59: =U58/U46 -> 1 | V59: =V58/V46 -> 1 | W59: =W58/W46 -> 1 | X59: =X58/X46 -> 1 | Y59: =Y58/Y46 -> 1
B60: Change vs prior year | D60: =D58-Assumptions!$C$5 -> 25 | E60: =E58-D58 -> 3.75 | F60: =F58-E58 -> 1.25 | G60: =G58-F58 -> 26.25 | H60: =H58-G58 -> -28.75 | I60: =I58-H58 -> -1.25 | J60: =J58-I58 -> -1.25 | K60: =K58-J58 -> 0 | L60: =L58-K58 -> 0 | O60: Change vs prior year | Q60: =Q58-Assumptions!$C$5 -> 25 | R60: =R58-Q58 -> 0 | S60: =S58-R58 -> 0 | T60: =T58-S58 -> 25 | U60: =U58-T58 -> -25 | V60: =V58-U58 -> 0 | W60: =W58-V58 -> 0 | X60: =X58-W58 -> 0 | Y60: =Y58-X58 -> 0
B64: Persona D hired 2026, 50 of target vesting in the transition year transition year 2030
B65: Option 1 100/15/5/5 | C65: Sizing | D65: 2027 | E65: 2028 | F65: 2029 | G65: 2030 | H65: 2031 | I65: 2032 | J65: 2033 | K65: 2034 | L65: 2035 | M65: Face | O65: Option 2 100/50 and 50/50 | P65: Sizing | Q65: 2027 | R65: 2028 | S65: 2029 | T65: 2030 | U65: 2031 | V65: 2032 | W65: 2033 | X65: 2034 | Y65: 2035 | Z65: Face
B66: Gap target (used only in T and promo years) | D66: =Assumptions!$C$5*Assumptions!$C$6 -> 125 | E66: =Assumptions!$C$5*Assumptions!$C$6 -> 125 | F66: =Assumptions!$C$5*Assumptions!$C$6 -> 125 | G66: =Assumptions!$C$5*Assumptions!$C$7 -> 150 | H66: =Assumptions!$C$5*Assumptions!$C$6 -> 125 | I66: =Assumptions!$C$5*Assumptions!$C$6 -> 125 | J66: =Assumptions!$C$5*Assumptions!$C$6 -> 125 | K66: =Assumptions!$C$5*Assumptions!$C$6 -> 125 | L66: =Assumptions!$C$5*Assumptions!$C$6 -> 125 | O66: Gap target (used only in T and promo years) | Q66: =Assumptions!$C$5*Assumptions!$C$6 -> 125 | R66: =Assumptions!$C$5*Assumptions!$C$6 -> 125 | S66: =Assumptions!$C$5*Assumptions!$C$6 -> 125 | T66: =Assumptions!$C$5*Assumptions!$C$7 -> 150 | U66: =Assumptions!$C$5*Assumptions!$C$6 -> 125 | V66: =Assumptions!$C$5*Assumptions!$C$6 -> 125 | W66: =Assumptions!$C$5*Assumptions!$C$6 -> 125 | X66: =Assumptions!$C$5*Assumptions!$C$6 -> 125 | Y66: =Assumptions!$C$5*Assumptions!$C$6 -> 125
B67: Legacy scheduled vest | D67: 100 | E67: 100 | F67: 100 | G67: 50 | H67: 0 | I67: 0 | J67: 0 | K67: 0 | L67: 0 | O67: Legacy scheduled vest | Q67: 100 | R67: 100 | S67: 100 | T67: 50 | U67: 0 | V67: 0 | W67: 0 | X67: 0 | Y67: 0
B68: 2027 pre-transition top-up | C68: =MAX(Assumptions!$C$5*Assumptions!$C$12,D66-(D67)) -> 25 | D68: =$C68*Assumptions!$C$23 -> 25 | E68: =$C68*Assumptions!$D$23 -> 3.75 | F68: =$C68*Assumptions!$E$23 -> 1.25 | G68: =$C68*Assumptions!$F$23 -> 1.25 | M68: =$C68*Assumptions!$G$23 -> 31.25 | O68: 2027 pre-transition top-up (1 year) | P68: =MAX(Assumptions!$C$5*Assumptions!$C$12,Q66-(Q67)) -> 25 | Q68: =$P68*Assumptions!$C$21 -> 25 | R68: =$P68*Assumptions!$D$21 -> 0 | S68: =$P68*Assumptions!$E$21 -> 0 | T68: =$P68*Assumptions!$F$21 -> 0 | Z68: =$P68*Assumptions!$G$21 -> 25
B69: 2028 pre-transition top-up | C69: =MAX(Assumptions!$C$5*Assumptions!$C$12,E66-(E67)) -> 25 | E69: =$C69*Assumptions!$C$23 -> 25 | F69: =$C69*Assumptions!$D$23 -> 3.75 | G69: =$C69*Assumptions!$E$23 -> 1.25 | H69: =$C69*Assumptions!$F$23 -> 1.25 | M69: =$C69*Assumptions!$G$23 -> 31.25 | O69: 2028 pre-transition top-up (1 year) | P69: =MAX(Assumptions!$C$5*Assumptions!$C$12,R66-(R67)) -> 25 | R69: =$P69*Assumptions!$C$21 -> 25 | S69: =$P69*Assumptions!$D$21 -> 0 | T69: =$P69*Assumptions!$E$21 -> 0 | U69: =$P69*Assumptions!$F$21 -> 0 | Z69: =$P69*Assumptions!$G$21 -> 25
B70: 2029 pre-transition top-up | C70: =MAX(Assumptions!$C$5*Assumptions!$C$12,F66-(F67)) -> 25 | F70: =$C70*Assumptions!$C$23 -> 25 | G70: =$C70*Assumptions!$D$23 -> 3.75 | H70: =$C70*Assumptions!$E$23 -> 1.25 | I70: =$C70*Assumptions!$F$23 -> 1.25 | M70: =$C70*Assumptions!$G$23 -> 31.25 | O70: 2029 pre-transition top-up (1 year) | P70: =MAX(Assumptions!$C$5*Assumptions!$C$12,S66-(S67)) -> 25 | S70: =$P70*Assumptions!$C$21 -> 25 | T70: =$P70*Assumptions!$D$21 -> 0 | U70: =$P70*Assumptions!$E$21 -> 0 | V70: =$P70*Assumptions!$F$21 -> 0 | Z70: =$P70*Assumptions!$G$21 -> 25
B71: 2030 transition Grant 1 (gap on legacy) | C71: =MAX(Assumptions!$C$5*Assumptions!$C$12*Assumptions!$C$7,G66-(G67)) -> 100 | G71: =$C71*Assumptions!$C$21 -> 100 | H71: =$C71*Assumptions!$D$21 -> 0 | I71: =$C71*Assumptions!$E$21 -> 0 | J71: =$C71*Assumptions!$F$21 -> 0 | M71: =$C71*Assumptions!$G$21 -> 100 | O71: 2030 transition Grant 1 (gap) | P71: =T66-(T67+$P72) -> 37.5 | T71: =$P71*Assumptions!$C$21 -> 37.5 | U71: =$P71*Assumptions!$D$21 -> 0 | V71: =$P71*Assumptions!$E$21 -> 0 | W71: =$P71*Assumptions!$F$21 -> 0 | Z71: =$P71*Assumptions!$G$21 -> 37.5
B72: 2030 transition Grant 2 tail 0/25/10/5 | C72: =Assumptions!$C$5 -> 100 | G72: =$C72*Assumptions!$C$22 -> 0 | H72: =$C72*Assumptions!$D$22 -> 25 | I72: =$C72*Assumptions!$E$22 -> 10 | J72: =$C72*Assumptions!$F$22 -> 5 | M72: =$C72*Assumptions!$G$22 -> 40 | O72: 2030 transition Grant 2 2-yr equal | P72: =Assumptions!$C$11*Assumptions!$C$5*Assumptions!$C$6 -> 62.5 | T72: =$P72*Assumptions!$C$18 -> 62.5 | U72: =$P72*Assumptions!$D$18 -> 62.5 | V72: =$P72*Assumptions!$E$18 -> 0 | W72: =$P72*Assumptions!$F$18 -> 0 | Z72: =$P72*Assumptions!$G$18 -> 125
B73: 2031 refresh 100/15/5/5 | C73: =Assumptions!$C$5 -> 100 | H73: =$C73*Assumptions!$C$17 -> 100 | I73: =$C73*Assumptions!$D$17 -> 15 | J73: =$C73*Assumptions!$E$17 -> 5 | K73: =$C73*Assumptions!$F$17 -> 5 | M73: =$C73*Assumptions!$G$17 -> 125 | O73: 2031 refresh 50/50 | P73: =Assumptions!$C$11*Assumptions!$C$5*Assumptions!$C$6 -> 62.5 | U73: =$P73*Assumptions!$C$18 -> 62.5 | V73: =$P73*Assumptions!$D$18 -> 62.5 | W73: =$P73*Assumptions!$E$18 -> 0 | X73: =$P73*Assumptions!$F$18 -> 0 | Z73: =$P73*Assumptions!$G$18 -> 125
B74: 2032 refresh 100/15/5/5 | C74: =Assumptions!$C$5 -> 100 | I74: =$C74*Assumptions!$C$17 -> 100 | J74: =$C74*Assumptions!$D$17 -> 15 | K74: =$C74*Assumptions!$E$17 -> 5 | L74: =$C74*Assumptions!$F$17 -> 5 | M74: =$C74*Assumptions!$G$17 -> 125 | O74: 2032 refresh 50/50 | P74: =Assumptions!$C$11*Assumptions!$C$5*Assumptions!$C$6 -> 62.5 | V74: =$P74*Assumptions!$C$18 -> 62.5 | W74: =$P74*Assumptions!$D$18 -> 62.5 | X74: =$P74*Assumptions!$E$18 -> 0 | Y74: =$P74*Assumptions!$F$18 -> 0 | Z74: =$P74*Assumptions!$G$18 -> 125
B75: 2033 refresh 100/15/5/5 | C75: =Assumptions!$C$5 -> 100 | J75: =$C75*Assumptions!$C$17 -> 100 | K75: =$C75*Assumptions!$D$17 -> 15 | L75: =$C75*Assumptions!$E$17 -> 5 | M75: =$C75*Assumptions!$G$17 -> 125 | O75: 2033 refresh 50/50 | P75: =Assumptions!$C$11*Assumptions!$C$5*Assumptions!$C$6 -> 62.5 | W75: =$P75*Assumptions!$C$18 -> 62.5 | X75: =$P75*Assumptions!$D$18 -> 62.5 | Y75: =$P75*Assumptions!$E$18 -> 0 | Z75: =$P75*Assumptions!$G$18 -> 125
B76: 2034 refresh 100/15/5/5 | C76: =Assumptions!$C$5 -> 100 | K76: =$C76*Assumptions!$C$17 -> 100 | L76: =$C76*Assumptions!$D$17 -> 15 | M76: =$C76*Assumptions!$G$17 -> 125 | O76: 2034 refresh 50/50 | P76: =Assumptions!$C$11*Assumptions!$C$5*Assumptions!$C$6 -> 62.5 | X76: =$P76*Assumptions!$C$18 -> 62.5 | Y76: =$P76*Assumptions!$D$18 -> 62.5 | Z76: =$P76*Assumptions!$G$18 -> 125
B77: 2035 refresh 100/15/5/5 | C77: =Assumptions!$C$5 -> 100 | L77: =$C77*Assumptions!$C$17 -> 100 | M77: =$C77*Assumptions!$G$17 -> 125 | O77: 2035 refresh 50/50 | P77: =Assumptions!$C$11*Assumptions!$C$5*Assumptions!$C$6 -> 62.5 | Y77: =$P77*Assumptions!$C$18 -> 62.5 | Z77: =$P77*Assumptions!$G$18 -> 125
B78: Total annual vest | C78: Total | D78: =D67+SUM(D68:D77) -> 125 | E78: =E67+SUM(E68:E77) -> 128.75 | F78: =F67+SUM(F68:F77) -> 130 | G78: =G67+SUM(G68:G77) -> 156.25 | H78: =H67+SUM(H68:H77) -> 127.5 | I78: =I67+SUM(I68:I77) -> 126.25 | J78: =J67+SUM(J68:J77) -> 125 | K78: =K67+SUM(K68:K77) -> 125 | L78: =L67+SUM(L68:L77) -> 125 | M78: =SUM(M68:M77) -> 858.75 | O78: Total annual vest | P78: Total | Q78: =Q67+SUM(Q68:Q77) -> 125 | R78: =R67+SUM(R68:R77) -> 125 | S78: =S67+SUM(S68:S77) -> 125 | T78: =T67+SUM(T68:T77) -> 150 | U78: =U67+SUM(U68:U77) -> 125 | V78: =V67+SUM(V68:V77) -> 125 | W78: =W67+SUM(W68:W77) -> 125 | X78: =X67+SUM(X68:X77) -> 125 | Y78: =Y67+SUM(Y68:Y77) -> 125 | Z78: =SUM(Z68:Z77) -> 862.5
B79: % of steady-state ceiling | D79: =D78/D66 -> 1 | E79: =E78/E66 -> 1.03 | F79: =F78/F66 -> 1.04 | G79: =G78/G66 -> 1.0416667 | H79: =H78/H66 -> 1.02 | I79: =I78/I66 -> 1.01 | J79: =J78/J66 -> 1 | K79: =K78/K66 -> 1 | L79: =L78/L66 -> 1 | O79: % of steady-state ceiling | Q79: =Q78/Q66 -> 1 | R79: =R78/R66 -> 1 | S79: =S78/S66 -> 1 | T79: =T78/T66 -> 1 | U79: =U78/U66 -> 1 | V79: =V78/V66 -> 1 | W79: =W78/W66 -> 1 | X79: =X78/X66 -> 1 | Y79: =Y78/Y66 -> 1
B80: Change vs prior year | D80: =D78-Assumptions!$C$5 -> 25 | E80: =E78-D78 -> 3.75 | F80: =F78-E78 -> 1.25 | G80: =G78-F78 -> 26.25 | H80: =H78-G78 -> -28.75 | I80: =I78-H78 -> -1.25 | J80: =J78-I78 -> -1.25 | K80: =K78-J78 -> 0 | L80: =L78-K78 -> 0 | O80: Change vs prior year | Q80: =Q78-Assumptions!$C$5 -> 25 | R80: =R78-Q78 -> 0 | S80: =S78-R78 -> 0 | T80: =T78-S78 -> 25 | U80: =U78-T78 -> -25 | V80: =V78-U78 -> 0 | W80: =W78-V78 -> 0 | X80: =X78-W78 -> 0 | Y80: =Y78-X78 -> 0
B84: Persona E hired 2026, 75 of target vesting in the transition year transition year 2030
B85: Option 1 100/15/5/5 | C85: Sizing | D85: 2027 | E85: 2028 | F85: 2029 | G85: 2030 | H85: 2031 | I85: 2032 | J85: 2033 | K85: 2034 | L85: 2035 | M85: Face | O85: Option 2 100/50 and 50/50 | P85: Sizing | Q85: 2027 | R85: 2028 | S85: 2029 | T85: 2030 | U85: 2031 | V85: 2032 | W85: 2033 | X85: 2034 | Y85: 2035 | Z85: Face
B86: Gap target (used only in T and promo years) | D86: =Assumptions!$C$5*Assumptions!$C$6 -> 125 | E86: =Assumptions!$C$5*Assumptions!$C$6 -> 125 | F86: =Assumptions!$C$5*Assumptions!$C$6 -> 125 | G86: =Assumptions!$C$5*Assumptions!$C$7 -> 150 | H86: =Assumptions!$C$5*Assumptions!$C$6 -> 125 | I86: =Assumptions!$C$5*Assumptions!$C$6 -> 125 | J86: =Assumptions!$C$5*Assumptions!$C$6 -> 125 | K86: =Assumptions!$C$5*Assumptions!$C$6 -> 125 | L86: =Assumptions!$C$5*Assumptions!$C$6 -> 125 | O86: Gap target (used only in T and promo years) | Q86: =Assumptions!$C$5*Assumptions!$C$6 -> 125 | R86: =Assumptions!$C$5*Assumptions!$C$6 -> 125 | S86: =Assumptions!$C$5*Assumptions!$C$6 -> 125 | T86: =Assumptions!$C$5*Assumptions!$C$7 -> 150 | U86: =Assumptions!$C$5*Assumptions!$C$6 -> 125 | V86: =Assumptions!$C$5*Assumptions!$C$6 -> 125 | W86: =Assumptions!$C$5*Assumptions!$C$6 -> 125 | X86: =Assumptions!$C$5*Assumptions!$C$6 -> 125 | Y86: =Assumptions!$C$5*Assumptions!$C$6 -> 125
B87: Legacy scheduled vest | D87: 100 | E87: 100 | F87: 100 | G87: 75 | H87: 0 | I87: 0 | J87: 0 | K87: 0 | L87: 0 | O87: Legacy scheduled vest | Q87: 100 | R87: 100 | S87: 100 | T87: 75 | U87: 0 | V87: 0 | W87: 0 | X87: 0 | Y87: 0
B88: 2027 pre-transition top-up | C88: =MAX(Assumptions!$C$5*Assumptions!$C$12,D86-(D87)) -> 25 | D88: =$C88*Assumptions!$C$23 -> 25 | E88: =$C88*Assumptions!$D$23 -> 3.75 | F88: =$C88*Assumptions!$E$23 -> 1.25 | G88: =$C88*Assumptions!$F$23 -> 1.25 | M88: =$C88*Assumptions!$G$23 -> 31.25 | O88: 2027 pre-transition top-up (1 year) | P88: =MAX(Assumptions!$C$5*Assumptions!$C$12,Q86-(Q87)) -> 25 | Q88: =$P88*Assumptions!$C$21 -> 25 | R88: =$P88*Assumptions!$D$21 -> 0 | S88: =$P88*Assumptions!$E$21 -> 0 | T88: =$P88*Assumptions!$F$21 -> 0 | Z88: =$P88*Assumptions!$G$21 -> 25
B89: 2028 pre-transition top-up | C89: =MAX(Assumptions!$C$5*Assumptions!$C$12,E86-(E87)) -> 25 | E89: =$C89*Assumptions!$C$23 -> 25 | F89: =$C89*Assumptions!$D$23 -> 3.75 | G89: =$C89*Assumptions!$E$23 -> 1.25 | H89: =$C89*Assumptions!$F$23 -> 1.25 | M89: =$C89*Assumptions!$G$23 -> 31.25 | O89: 2028 pre-transition top-up (1 year) | P89: =MAX(Assumptions!$C$5*Assumptions!$C$12,R86-(R87)) -> 25 | R89: =$P89*Assumptions!$C$21 -> 25 | S89: =$P89*Assumptions!$D$21 -> 0 | T89: =$P89*Assumptions!$E$21 -> 0 | U89: =$P89*Assumptions!$F$21 -> 0 | Z89: =$P89*Assumptions!$G$21 -> 25
B90: 2029 pre-transition top-up | C90: =MAX(Assumptions!$C$5*Assumptions!$C$12,F86-(F87)) -> 25 | F90: =$C90*Assumptions!$C$23 -> 25 | G90: =$C90*Assumptions!$D$23 -> 3.75 | H90: =$C90*Assumptions!$E$23 -> 1.25 | I90: =$C90*Assumptions!$F$23 -> 1.25 | M90: =$C90*Assumptions!$G$23 -> 31.25 | O90: 2029 pre-transition top-up (1 year) | P90: =MAX(Assumptions!$C$5*Assumptions!$C$12,S86-(S87)) -> 25 | S90: =$P90*Assumptions!$C$21 -> 25 | T90: =$P90*Assumptions!$D$21 -> 0 | U90: =$P90*Assumptions!$E$21 -> 0 | V90: =$P90*Assumptions!$F$21 -> 0 | Z90: =$P90*Assumptions!$G$21 -> 25
B91: 2030 transition Grant 1 (gap on legacy) | C91: =MAX(Assumptions!$C$5*Assumptions!$C$12*Assumptions!$C$7,G86-(G87)) -> 75 | G91: =$C91*Assumptions!$C$21 -> 75 | H91: =$C91*Assumptions!$D$21 -> 0 | I91: =$C91*Assumptions!$E$21 -> 0 | J91: =$C91*Assumptions!$F$21 -> 0 | M91: =$C91*Assumptions!$G$21 -> 75 | O91: 2030 transition Grant 1 (gap) | P91: =MAX(Assumptions!$C$5*Assumptions!$C$12*Assumptions!$C$7,T86-(T87)) -> 75 | T91: =$P91*Assumptions!$C$21 -> 75 | U91: =$P91*Assumptions!$D$21 -> 0 | V91: =$P91*Assumptions!$E$21 -> 0 | W91: =$P91*Assumptions!$F$21 -> 0 | Z91: =$P91*Assumptions!$G$21 -> 75
B92: 2030 transition Grant 2 tail 0/25/10/5 | C92: =Assumptions!$C$5 -> 100 | G92: =$C92*Assumptions!$C$22 -> 0 | H92: =$C92*Assumptions!$D$22 -> 25 | I92: =$C92*Assumptions!$E$22 -> 10 | J92: =$C92*Assumptions!$F$22 -> 5 | M92: =$C92*Assumptions!$G$22 -> 40 | O92: 2031 Refresh grant 100/50 at 150 | P92: =Assumptions!$C$5*Assumptions!$C$7 -> 150 | T92: =$P92*Assumptions!$C$20 -> 0 | U92: =$P92*Assumptions!$D$20 -> 150 | V92: =$P92*Assumptions!$E$20 -> 75 | W92: =$P92*Assumptions!$F$20 -> 0 | Z92: =$P92*Assumptions!$G$20 -> 225
B93: 2031 refresh 100/15/5/5 | C93: =Assumptions!$C$5 -> 100 | H93: =$C93*Assumptions!$C$17 -> 100 | I93: =$C93*Assumptions!$D$17 -> 15 | J93: =$C93*Assumptions!$E$17 -> 5 | K93: =$C93*Assumptions!$F$17 -> 5 | M93: =$C93*Assumptions!$G$17 -> 125 | O93: 2032 refresh 50/50 | P93: =Assumptions!$C$11*Assumptions!$C$5*Assumptions!$C$6 -> 62.5 | V93: =$P93*Assumptions!$C$18 -> 62.5 | W93: =$P93*Assumptions!$D$18 -> 62.5 | X93: =$P93*Assumptions!$E$18 -> 0 | Y93: =$P93*Assumptions!$F$18 -> 0 | Z93: =$P93*Assumptions!$G$18 -> 125
B94: 2032 refresh 100/15/5/5 | C94: =Assumptions!$C$5 -> 100 | I94: =$C94*Assumptions!$C$17 -> 100 | J94: =$C94*Assumptions!$D$17 -> 15 | K94: =$C94*Assumptions!$E$17 -> 5 | L94: =$C94*Assumptions!$F$17 -> 5 | M94: =$C94*Assumptions!$G$17 -> 125 | O94: 2033 refresh 50/50 | P94: =Assumptions!$C$11*Assumptions!$C$5*Assumptions!$C$6 -> 62.5 | W94: =$P94*Assumptions!$C$18 -> 62.5 | X94: =$P94*Assumptions!$D$18 -> 62.5 | Y94: =$P94*Assumptions!$E$18 -> 0 | Z94: =$P94*Assumptions!$G$18 -> 125
B95: 2033 refresh 100/15/5/5 | C95: =Assumptions!$C$5 -> 100 | J95: =$C95*Assumptions!$C$17 -> 100 | K95: =$C95*Assumptions!$D$17 -> 15 | L95: =$C95*Assumptions!$E$17 -> 5 | M95: =$C95*Assumptions!$G$17 -> 125 | O95: 2034 refresh 50/50 | P95: =Assumptions!$C$11*Assumptions!$C$5*Assumptions!$C$6 -> 62.5 | X95: =$P95*Assumptions!$C$18 -> 62.5 | Y95: =$P95*Assumptions!$D$18 -> 62.5 | Z95: =$P95*Assumptions!$G$18 -> 125
